,Unnamed: 0.2,Unnamed: 0.1,Unnamed: 0,index,easting,northing,route,geometry,closest_dense_hub,distance_to_closest_dense_hub,closest_elargie_hub,distance_to_closest_large_hub,TMJA_PL,percentage_traffic,Quantity_sold_per_day(in kg),Revenues_day,Region,Quantity_sold_per_year(in kg),not_prof,small_station,medium_station,large_station,station_type,Revenues,EBITDA,Opex,EBIT,depreciation,date_installation
0,14,14,175,175,698063.6581306768,7039929.543903352,A0001,POINT (698063.6581306768 7039929.543903352),1.0,"0    808.08684
dtype: float64",5.0,"0    0.0
dtype: float64",333120.37,0.0055355415719538,2048.150381622931,6144.451144868794,Hauts-de-France,747574.8892923698,0,1,0,0,small,2242724.6678771097,1942724.6678771095,300000.0,1492724.6678771095,-450000.0,2023.0
1,17,17,168,168,697159.7791693264,7029103.009106878,A0001,POINT (697159.7791693264 7029103.009106878),1.0,"0    3946.627282
dtype: float64",5.0,"0    0.0
dtype: float64",333120.37,0.0055355415719538,2048.150381622931,6144.451144868794,Hauts-de-France,747574.8892923698,0,1,0,0,small,2242724.6678771097,1942724.6678771095,300000.0,1492724.6678771095,-450000.0,2023.0
2,22,22,133,133,685752.2777426727,6965384.685673978,A0001,POINT (685752.2777426727 6965384.685673978),1.0,"0    1859.448206
dtype: float64",5.0,"0    1202.543316
dtype: float64",333120.37,0.0055355415719538,2048.150381622931,6144.451144868794,Hauts-de-France,747574.8892923698,0,1,0,0,small,2242724.6678771097,1942724.6678771095,300000.0,1492724.6678771095,-450000.0,2024.0
3,33,33,101,101,674445.7471093528,6902999.859197257,A0001,POINT (674445.7471093528 6902999.859197257),1.0,"0    10637.602285
dtype: float64",5.0,"0    0.0
dtype: float64",333120.37,0.0055355415719538,2048.150381622931,6144.451144868794,Hauts-de-France,747574.8892923698,0,1,0,0,small,2242724.6678771097,1942724.6678771095,300000.0,1492724.6678771095,-450000.0,2023.0
4,34,34,115,115,678868.8197983052,6929853.696067297,A0001,POINT (678868.8197983052 6929853.696067297),1.0,"0    8268.431117
dtype: float64",5.0,"0    2409.347607
dtype: float64",333120.37,0.0055355415719538,2048.150381622931,6144.451144868794,Hauts-de-France,747574.8892923698,0,1,0,0,small,2242724.6678771097,1942724.6678771095,300000.0,1492724.6678771095,-450000.0,2023.0
5,38,38,186,186,707336.7230617534,7055888.259788646,A0001,POINT (707336.7230617534 7055888.259788646),1.0,"0    0.0
dtype: float64",5.0,"0    0.0
dtype: float64",333120.37,0.0055355415719538,2048.150381622931,6144.451144868794,Hauts-de-France,747574.8892923698,0,1,0,0,small,2242724.6678771097,1942724.6678771095,300000.0,1492724.6678771095,-450000.0,2023.0
6,41,41,183,183,706802.6794718392,7054613.215218697,A0001,POINT (706802.6794718392 7054613.215218697),1.0,"0    0.0
dtype: float64",5.0,"0    0.0
dtype: float64",333120.37,0.0055355415719538,2048.150381622931,6144.451144868794,Hauts-de-France,747574.8892923698,0,1,0,0,small,2242724.6678771097,1942724.6678771095,300000.0,1492724.6678771095,-450000.0,2023.0
7,90,90,7377,7377,653664.0246167881,6847350.080121711,N0007,POINT (653664.0246167881 6847350.080121711),1.0,"0    975.132914
dtype: float64",5.0,"0    0.0
dtype: float64",783554.34,0.0130205115434846,4817.589271089318,14452.767813267954,Île-de-France,1758420.083947601,0,0,0,1,large,5275260.251842803,5065260.251842803,210000.0,3865260.2518428033,-1200000.0,2028.0
8,91,91,698,698,659271.6336433067,6832233.346640724,A0006,POINT (659271.6336433067 6832233.346640724),1.0,"0    11.994473
dtype: float64",5.0,"0    0.0
dtype: float64",356928.98,0.0059311749894642,2194.534746101788,6583.604238305363,Île-de-France,801005.1823271526,0,1,0,0,small,2403015.5469814576,2103015.5469814576,300000.0,1653015.5469814576,-450000.0,2028.0
9,93,93,299,299,673981.972099997,6859111.1134,A0004,POINT (673981.972099997 6859111.1134),1.0,"0    919.957264
dtype: float64",5.0,"0    0.0
dtype: float64",489209.44,0.0081293113132417,3007.845185899441,9023.535557698322,Île-de-France,1097863.492853296,0,0,0,1,large,3293590.4785598875,3083590.4785598875,210000.0,1883590.4785598875,-1200000.0,2028.0
10,94,94,703,703,663746.3782755994,6823459.551740541,A0006,POINT (663746.3782755994 6823459.551740541),1.0,"0    6067.342559
dtype: float64",5.0,"0    2502.916414
dtype: float64",356928.98,0.0059311749894642,2194.534746101788,6583.604238305363,Île-de-France,801005.1823271526,0,1,0,0,small,2403015.5469814576,2103015.5469814576,300000.0,1653015.5469814576,-450000.0,2028.0
11,98,98,324,324,710998.7639863992,6879163.548021011,A0004,POINT (710998.7639863992 6879163.548021011),1.0,"0    17553.081891
dtype: float64",5.0,"0    15345.743698
dtype: float64",489209.44,0.0081293113132417,3007.845185899441,9023.535557698322,Île-de-France,1097863.492853296,0,0,0,1,large,3293590.4785598875,3083590.4785598875,210000.0,1883590.4785598875,-1200000.0,2030.0
12,101,101,295,295,669668.516999997,6859438.857,A0004,POINT (669668.516999997 6859438.857),1.0,"0    2578.082031
dtype: float64",5.0,"0    0.0
dtype: float64",489209.44,0.0081293113132417,3007.845185899441,9023.535557698322,Île-de-France,1097863.492853296,0,0,0,1,large,3293590.4785598875,3083590.4785598875,210000.0,1883590.4785598875,-1200000.0,2030.0
13,103,103,60,60,654333.8305901033,6870523.675521101,A0001,POINT (654333.8305901033 6870523.675521101),1.0,"0    0.0
dtype: float64",5.0,"0    0.0
dtype: float64",333120.37,0.0055355415719538,2048.150381622931,6144.451144868794,Île-de-France,747574.8892923698,0,1,0,0,small,2242724.6678771097,1942724.6678771095,300000.0,1492724.6678771095,-450000.0,2030.0
14,104,104,279,279,661159.5382047973,6858749.035256104,A0004,POINT (661159.5382047973 6858749.035256104),1.0,"0    1985.389743
dtype: float64",5.0,"0    0.0
dtype: float64",489209.44,0.0081293113132417,3007.845185899441,9023.535557698322,Île-de-France,1097863.492853296,0,0,0,1,large,3293590.4785598875,3083590.4785598875,210000.0,1883590.4785598875,-1200000.0,2030.0
15,106,106,291,291,667951.077372417,6859600.371561181,A0004,POINT (667951.077372417 6859600.371561181),1.0,"0    4231.535466
dtype: float64",5.0,"0    0.0
dtype: float64",489209.44,0.0081293113132417,3007.845185899441,9023.535557698322,Île-de-France,1097863.492853296,0,0,0,1,large,3293590.4785598875,3083590.4785598875,210000.0,1883590.4785598875,-1200000.0,2030.0
16,107,107,1387,1387,646394.9723255325,6846328.583071163,A0010,POINT (646394.9723255325 6846328.583071163),1.0,"0    86.006959
dtype: float64",5.0,"0    0.0
dtype: float64",381900.72,0.0063461364188539,2348.070474975974,7044.211424927922,Île-de-France,857045.7233662305,0,1,0,0,small,2571137.170098692,2271137.170098692,300000.0,1821137.170098692,-450000.0,2030.0
17,111,111,292,292,668677.1353203045,6859539.363930872,A0004,POINT (668677.1353203045 6859539.363930872),1.0,"0    3526.759178
dtype: float64",5.0,"0    0.0
dtype: float64",489209.44,0.0081293113132417,3007.845185899441,9023.535557698322,Île-de-France,1097863.492853296,0,0,0,1,large,3293590.4785598875,3083590.4785598875,210000.0,1883590.4785598875,-1200000.0,2030.0
18,116,116,300,300,674684.9952766962,6859186.552413885,A0004,POINT (674684.9952766962 6859186.552413885),1.0,"0    922.142589
dtype: float64",5.0,"0    0.0
dtype: float64",489209.44,0.0081293113132417,3007.845185899441,9023.535557698322,Île-de-France,1097863.492853296,0,0,0,1,large,3293590.4785598875,3083590.4785598875,210000.0,1883590.4785598875,-1200000.0,2029.0
19,117,117,278,278,660880.8801046306,6858644.469472066,A0004,POINT (660880.8801046306 6858644.469472066),1.0,"0    1854.46458
dtype: float64",5.0,"0    0.0
dtype: float64",489209.44,0.0081293113132417,3007.845185899441,9023.535557698322,Île-de-France,1097863.492853296,0,0,0,1,large,3293590.4785598875,3083590.4785598875,210000.0,1883590.4785598875,-1200000.0,2029.0
20,118,118,7378,7378,653721.1219692293,6846290.0216,N0007,POINT (653721.1219692293 6846290.0216),1.0,"0    1737.609838
dtype: float64",5.0,"0    0.0
dtype: float64",783554.34,0.0130205115434846,4817.589271089318,14452.767813267954,Île-de-France,1758420.083947601,0,0,0,1,large,5275260.251842803,5065260.251842803,210000.0,3865260.2518428033,-1200000.0,2029.0
21,121,121,717,717,674864.7156081449,6800568.320338203,A0006,POINT (674864.7156081449 6800568.320338203),1.0,"0    19234.49609
dtype: float64",5.0,"0    2887.528271
dtype: float64",356928.98,0.0059311749894642,2194.534746101788,6583.604238305363,Île-de-France,801005.1823271526,0,1,0,0,small,2403015.5469814576,2103015.5469814576,300000.0,1653015.5469814576,-450000.0,2027.0
22,125,125,76,76,662045.659999996,6874523.29,A0001,POINT (662045.659999996 6874523.29),1.0,"0    0.0
dtype: float64",5.0,"0    0.0
dtype: float64",333120.37,0.0055355415719538,2048.150381622931,6144.451144868794,Île-de-France,747574.8892923698,0,1,0,0,small,2242724.6678771097,1942724.6678771095,300000.0,1492724.6678771095,-450000.0,2026.0
23,127,127,723,723,682110.6927557288,6792235.517296311,A0006,POINT (682110.6927557288 6792235.5172963105),1.0,"0    23472.600401
dtype: float64",5.0,"0    3715.081846
dtype: float64",356928.98,0.0059311749894642,2194.534746101788,6583.604238305363,Île-de-France,801005.1823271526,0,1,0,0,small,2403015.5469814576,2103015.5469814576,300000.0,1653015.5469814576,-450000.0,2026.0
24,129,129,304,304,680639.65240694,6858792.615240031,A0004,POINT (680639.65240694 6858792.615240031),1.0,"0    0.0
dtype: float64",5.0,"0    0.0
dtype: float64",489209.44,0.0081293113132417,3007.845185899441,9023.535557698322,Île-de-France,1097863.492853296,0,0,0,1,large,3293590.4785598875,3083590.4785598875,210000.0,1883590.4785598875,-1200000.0,2026.0
25,130,130,61,61,654443.5179221067,6870549.906443723,A0001,POINT (654443.5179221067 6870549.906443723),1.0,"0    0.0
dtype: float64",5.0,"0    0.0
dtype: float64",333120.37,0.0055355415719538,2048.150381622931,6144.451144868794,Île-de-France,747574.8892923698,0,1,0,0,small,2242724.6678771097,1942724.6678771095,300000.0,1492724.6678771095,-450000.0,2026.0
26,131,131,7546,7546,776721.2016948459,6555567.296158244,N0007,POINT (776721.2016948459 6555567.296158244),1.0,"0    4631.116213
dtype: float64",5.0,"0    4631.116213
dtype: float64",783554.34,0.0130205115434846,4817.589271089318,14452.767813267954,Auvergne-Rhône-Alpes,1758420.083947601,0,0,0,1,large,5275260.251842803,5065260.251842803,210000.0,3865260.2518428033,-1200000.0,2025.0
27,135,135,8015,8015,840017.8667637634,6377377.583389521,N0007,POINT (840017.8667637634 6377377.583389521),1.0,"0    5656.921309
dtype: float64",5.0,"0    2712.367419
dtype: float64",783554.34,0.0130205115434846,4817.589271089318,14452.767813267954,Auvergne-Rhône-Alpes,1758420.083947601,0,0,0,1,large,5275260.251842803,5065260.251842803,210000.0,3865260.2518428033,-1200000.0,2025.0
28,137,137,7788,7788,842435.6429159043,6468534.532979818,N0007,POINT (842435.6429159043 6468534.532979818),1.0,"0    1654.31477
dtype: float64",5.0,"0    0.0
dtype: float64",783554.34,0.0130205115434846,4817.589271089318,14452.767813267954,Auvergne-Rhône-Alpes,1758420.083947601,0,0,0,1,large,5275260.251842803,5065260.251842803,210000.0,3865260.2518428033,-1200000.0,2025.0
29,139,139,7409,7409,719411.7960765577,6617551.5027416,N0007,POINT (719411.7960765577 6617551.5027416),1.0,"0    59704.044713
dtype: float64",5.0,"0    6331.109408
dtype: float64",783554.34,0.0130205115434846,4817.589271089318,14452.767813267954,Auvergne-Rhône-Alpes,1758420.083947601,0,0,0,1,large,5275260.251842803,5065260.251842803,210000.0,3865260.2518428033,-1200000.0,2025.0
30,145,145,7425,7425,728791.5475332972,6608838.094924346,N0007,POINT (728791.5475332972 6608838.094924346),1.0,"0    48571.941108
dtype: float64",5.0,"0    1855.007694
dtype: float64",783554.34,0.0130205115434846,4817.589271089318,14452.767813267954,Auvergne-Rhône-Alpes,1758420.083947601,0,0,0,1,large,5275260.251842803,5065260.251842803,210000.0,3865260.2518428033,-1200000.0,2025.0
31,146,146,8017,8017,840036.3398816729,6377349.938255705,N0007,POINT (840036.3398816729 6377349.938255705),1.0,"0    5688.121622
dtype: float64",5.0,"0    2692.226694
dtype: float64",783554.34,0.0130205115434846,4817.589271089318,14452.767813267954,Auvergne-Rhône-Alpes,1758420.083947601,0,0,0,1,large,5275260.251842803,5065260.251842803,210000.0,3865260.2518428033,-1200000.0,2025.0
32,147,147,7413,7413,721249.150825191,6615134.960266443,N0007,POINT (721249.150825191 6615134.960266443),1.0,"0    57446.154692
dtype: float64",5.0,"0    3326.574485
dtype: float64",783554.34,0.0130205115434846,4817.589271089318,14452.767813267954,Auvergne-Rhône-Alpes,1758420.083947601,0,0,0,1,large,5275260.251842803,5065260.251842803,210000.0,3865260.2518428033,-1200000.0,2025.0
33,148,148,7651,7651,828333.3963936206,6528263.817531612,N0007,POINT (828333.3963936206 6528263.817531612),1.0,"0    13577.615694
dtype: float64",5.0,"0    2094.404531
dtype: float64",783554.34,0.0130205115434846,4817.589271089318,14452.767813267954,Auvergne-Rhône-Alpes,1758420.083947601,0,0,0,1,large,5275260.251842803,5065260.251842803,210000.0,3865260.2518428033,-1200000.0,2026.0
34,149,149,7580,7580,805146.6101239695,6535324.390043103,N0007,POINT (805146.6101239695 6535324.390043103),1.0,"0    22651.517505
dtype: float64",5.0,"0    4102.644981
dtype: float64",783554.34,0.0130205115434846,4817.589271089318,14452.767813267954,Auvergne-Rhône-Alpes,1758420.083947601,0,0,0,1,large,5275260.251842803,5065260.251842803,210000.0,3865260.2518428033,-1200000.0,2025.0
35,155,155,8026,8026,840246.8486408803,6376062.507236053,N0007,POINT (840246.8486408803 6376062.507236053),1.0,"0    6989.6557
dtype: float64",5.0,"0    1666.981713
dtype: float64",783554.34,0.0130205115434846,4817.589271089318,14452.767813267954,Auvergne-Rhône-Alpes,1758420.083947601,0,0,0,1,large,5275260.251842803,5065260.251842803,210000.0,3865260.2518428033,-1200000.0,2026.0
36,156,156,7842,7842,848808.362999998,6431491.668,N0007,POINT (848808.362999998 6431491.668),1.0,"0    6254.45142
dtype: float64",5.0,"0    0.0
dtype: float64",783554.34,0.0130205115434846,4817.589271089318,14452.767813267954,Auvergne-Rhône-Alpes,1758420.083947601,0,0,0,1,large,5275260.251842803,5065260.251842803,210000.0,3865260.2518428033,-1200000.0,2027.0
37,161,161,4178,4178,852962.0087979684,6513359.402396004,A0046,POINT (852962.0087979684 6513359.402396004),1.0,"0    613.720974
dtype: float64",5.0,"0    0.0
dtype: float64",354436.82,0.0058897621653732,2179.212001188094,6537.636003564281,Auvergne-Rhône-Alpes,795412.3804336543,0,1,0,0,small,2386237.141300963,2086237.1413009628,300000.0,1636237.1413009628,-450000.0,2027.0
38,163,163,7763,7763,841247.0600564384,6473207.707026154,N0007,POINT (841247.0600564384 6473207.707026154),1.0,"0    6364.964624
dtype: float64",5.0,"0    116.780021
dtype: float64",783554.34,0.0130205115434846,4817.589271089318,14452.767813267954,Auvergne-Rhône-Alpes,1758420.083947601,0,0,0,1,large,5275260.251842803,5065260.251842803,210000.0,3865260.2518428033,-1200000.0,2027.0
39,164,164,7498,7498,738997.1840504679,6573533.96947342,N0007,POINT (738997.1840504679 6573533.96947342),1.0,"0    44988.723397
dtype: float64",5.0,"0    9576.347546
dtype: float64",783554.34,0.0130205115434846,4817.589271089318,14452.767813267954,Auvergne-Rhône-Alpes,1758420.083947601,0,0,0,1,large,5275260.251842803,5065260.251842803,210000.0,3865260.2518428033,-1200000.0,2026.0
40,167,167,511,511,1011642.358144872,6861189.19133465,A0004,POINT (1011642.3581448721 6861189.19133465),1.0,"0    10675.40147
dtype: float64",5.0,"0    10675.40147
dtype: float64",489209.44,0.0081293113132417,3007.845185899441,9023.535557698322,Grand Est,1097863.492853296,0,0,0,1,large,3293590.4785598875,3083590.4785598875,210000.0,1883590.4785598875,-1200000.0,2026.0
41,170,170,3340,3340,931710.9421887528,6897355.971555824,A0031,POINT (931710.9421887528 6897355.971555824),1.0,"0    0.0
dtype: float64",5.0,"0    0.0
dtype: float64",384869.68,0.0063954723435993,2366.324767131759,7098.9743013952775,Grand Est,863708.540003092,0,1,0,0,small,2591125.620009276,2291125.620009276,300000.0,1841125.620009276,-450000.0,2026.0
42,173,173,3442,3442,1061360.495301857,6861093.7486556815,A0035,POINT (1061360.495301857 6861093.7486556815),1.0,"0    12078.047673
dtype: float64",5.0,"0    0.0
dtype: float64",323283.6,0.0053720815912005,1987.670188744192,5963.010566232575,Grand Est,725499.61889163,0,1,0,0,small,2176498.85667489,1876498.85667489,300000.0,1426498.85667489,-450000.0,2026.0
43,176,176,3510,3510,1048339.6145590076,6837218.456399013,A0035,POINT (1048339.6145590075 6837218.456399013),1.0,"0    1878.150139
dtype: float64",5.0,"0    0.0
dtype: float64",323283.6,0.0053720815912005,1987.670188744192,5963.010566232575,Grand Est,725499.61889163,0,1,0,0,small,2176498.85667489,1876498.85667489,300000.0,1426498.85667489,-450000.0,
44,177,177,384,384,805303.5188424239,6882591.496508436,A0004,POINT (805303.5188424239 6882591.496508436),1.0,"0    7674.028904
dtype: float64",5.0,"0    6741.771599
dtype: float64",489209.44,0.0081293113132417,3007.845185899441,9023.535557698322,Grand Est,1097863.492853296,0,0,0,1,large,3293590.4785598875,3083590.4785598875,210000.0,1883590.4785598875,-1200000.0,
45,179,179,3343,3343,932279.5471745495,6898307.746799124,A0031,POINT (932279.5471745495 6898307.746799124),1.0,"0    0.0
dtype: float64",5.0,"0    0.0
dtype: float64",384869.68,0.0063954723435993,2366.324767131759,7098.9743013952775,Grand Est,863708.540003092,0,1,0,0,small,2591125.620009276,2291125.620009276,300000.0,1841125.620009276,-450000.0,
46,184,184,3238,3238,865916.5549425202,6755269.757235606,A0031,POINT (865916.5549425202 6755269.757235606),1.0,"0    54614.949587
dtype: float64",5.0,"0    54614.949587
dtype: float64",384869.68,0.0063954723435993,2366.324767131759,7098.9743013952775,Grand Est,863708.540003092,0,1,0,0,small,2591125.620009276,2291125.620009276,300000.0,1841125.620009276,-450000.0,
47,186,186,459,459,936914.8005547064,6902228.160750167,A0004,POINT (936914.8005547064 6902228.1607501665),1.0,"0    5342.529483
dtype: float64",5.0,"0    0.0
dtype: float64",489209.44,0.0081293113132417,3007.845185899441,9023.535557698322,Grand Est,1097863.492853296,0,0,0,1,large,3293590.4785598875,3083590.4785598875,210000.0,1883590.4785598875,-1200000.0,
48,187,187,3554,3554,1036984.2954572522,6831852.254267191,A0035,POINT (1036984.2954572522 6831852.254267191),1.0,"0    4515.305237
dtype: float64",5.0,"0    0.0
dtype: float64",323283.6,0.0053720815912005,1987.670188744192,5963.010566232575,Grand Est,725499.61889163,0,1,0,0,small,2176498.85667489,1876498.85667489,300000.0,1426498.85667489,-450000.0,
49,189,189,3542,3542,1038855.3313836112,6834475.099233739,A0035,POINT (1038855.3313836113 6834475.099233739),1.0,"0    2186.300012
dtype: float64",5.0,"0    0.0
dtype: float64",323283.6,0.0053720815912005,1987.670188744192,5963.010566232575,Grand Est,725499.61889163,0,1,0,0,small,2176498.85667489,1876498.85667489,300000.0,1426498.85667489,-450000.0,
50,193,193,3288,3288,912042.5135950248,6821060.637568956,A0031,POINT (912042.5135950248 6821060.637568956),1.0,"0    26600.032802
dtype: float64",5.0,"0    16853.348505
dtype: float64",384869.68,0.0063954723435993,2366.324767131759,7098.9743013952775,Grand Est,863708.540003092,0,1,0,0,small,2591125.620009276,2291125.620009276,300000.0,1841125.620009276,-450000.0,
51,195,195,412,412,857758.8342697767,6889711.14061934,A0004,POINT (857758.8342697767 6889711.14061934),1.0,"0    16797.300007
dtype: float64",5.0,"0    11839.144265
dtype: float64",489209.44,0.0081293113132417,3007.845185899441,9023.535557698322,Grand Est,1097863.492853296,0,0,0,1,large,3293590.4785598875,3083590.4785598875,210000.0,1883590.4785598875,-1200000.0,
52,197,197,395,395,825463.6847522024,6886106.303406196,A0004,POINT (825463.6847522024 6886106.303406196),1.0,"0    27997.386177
dtype: float64",5.0,"0    26447.378477
dtype: float64",489209.44,0.0081293113132417,3007.845185899441,9023.535557698322,Grand Est,1097863.492853296,0,0,0,1,large,3293590.4785598875,3083590.4785598875,210000.0,1883590.4785598875,-1200000.0,
53,199,199,360,360,769745.6390961857,6905558.611795516,A0004,POINT (769745.6390961857 6905558.611795516),1.0,"0    2160.053848
dtype: float64",5.0,"0    0.0
dtype: float64",489209.44,0.0081293113132417,3007.845185899441,9023.535557698322,Grand Est,1097863.492853296,0,0,0,1,large,3293590.4785598875,3083590.4785598875,210000.0,1883590.4785598875,-1200000.0,
54,200,200,3464,3464,1055105.2367380515,6854456.584826409,A0035,POINT (1055105.2367380515 6854456.584826409),1.0,"0    2966.140284
dtype: float64",5.0,"0    27.486447
dtype: float64",323283.6,0.0053720815912005,1987.670188744192,5963.010566232575,Grand Est,725499.61889163,0,1,0,0,small,2176498.85667489,1876498.85667489,300000.0,1426498.85667489,-450000.0,
55,201,201,1663,1663,426895.2337013515,6449580.069983143,A0010,POINT (426895.2337013515 6449580.069983143),1.0,"0    18072.237746
dtype: float64",5.0,"0    11056.555881
dtype: float64",381900.72,0.0063461364188539,2348.070474975974,7044.211424927922,Nouvelle-Aquitaine,857045.7233662305,0,1,0,0,small,2571137.170098692,2271137.170098692,300000.0,1821137.170098692,-450000.0,
56,214,214,1673,1673,426340.881200001,6431658.2795,A0010,POINT (426340.881200001 6431658.2795),1.0,"0    155.920562
dtype: float64",5.0,"0    155.920562
dtype: float64",381900.72,0.0063461364188539,2348.070474975974,7044.211424927922,Nouvelle-Aquitaine,857045.7233662305,0,1,0,0,small,2571137.170098692,2271137.170098692,300000.0,1821137.170098692,-450000.0,
57,233,233,1625,1625,415953.5087346303,6518192.936525837,A0010,POINT (415953.50873463025 6518192.936525837),1.0,"0    25066.323698
dtype: float64",5.0,"0    4356.143308
dtype: float64",381900.72,0.0063461364188539,2348.070474975974,7044.211424927922,Nouvelle-Aquitaine,857045.7233662305,0,1,0,0,small,2571137.170098692,2271137.170098692,300000.0,1821137.170098692,-450000.0,
58,234,234,1584,1584,446277.9709373175,6588129.728689093,A0010,POINT (446277.9709373175 6588129.728689093),1.0,"0    9853.012591
dtype: float64",5.0,"0    579.570939
dtype: float64",381900.72,0.0063461364188539,2348.070474975974,7044.211424927922,Nouvelle-Aquitaine,857045.7233662305,0,1,0,0,small,2571137.170098692,2271137.170098692,300000.0,1821137.170098692,-450000.0,
59,299,299,1444,1444,613653.317597204,6769721.033845355,A0010,POINT (613653.317597204 6769721.033845355),1.0,"0    5055.631837
dtype: float64",5.0,"0    5055.631837
dtype: float64",381900.72,0.0063461364188539,2348.070474975974,7044.211424927922,Centre-Val de Loire,857045.7233662305,0,1,0,0,small,2571137.170098692,2271137.170098692,300000.0,1821137.170098692,-450000.0,
60,309,309,1481,1481,562597.5579973242,6725620.889160827,A0010,POINT (562597.5579973242 6725620.889160827),1.0,"0    8714.493791
dtype: float64",5.0,"0    8714.493791
dtype: float64",381900.72,0.0063461364188539,2348.070474975974,7044.211424927922,Centre-Val de Loire,857045.7233662305,0,1,0,0,small,2571137.170098692,2271137.170098692,300000.0,1821137.170098692,-450000.0,
61,311,311,1447,1447,614713.0310854072,6763696.622105563,A0010,POINT (614713.0310854072 6763696.622105563),1.0,"0    278.336038
dtype: float64",5.0,"0    0.0
dtype: float64",381900.72,0.0063461364188539,2348.070474975974,7044.211424927922,Centre-Val de Loire,857045.7233662305,0,1,0,0,small,2571137.170098692,2271137.170098692,300000.0,1821137.170098692,-450000.0,
62,314,314,1427,1427,615493.545142054,6799577.18639778,A0010,POINT (615493.545142054 6799577.18639778),1.0,"0    28951.882803
dtype: float64",5.0,"0    14472.129871
dtype: float64",381900.72,0.0063461364188539,2348.070474975974,7044.211424927922,Centre-Val de Loire,857045.7233662305,0,1,0,0,small,2571137.170098692,2271137.170098692,300000.0,1821137.170098692,-450000.0,
63,321,321,1459,1459,598359.8550475,6747530.897284204,A0010,POINT (598359.8550475 6747530.897284204),1.0,"0    2028.788896
dtype: float64",5.0,"0    2028.788896
dtype: float64",381900.72,0.0063461364188539,2348.070474975974,7044.211424927922,Centre-Val de Loire,857045.7233662305,0,1,0,0,small,2571137.170098692,2271137.170098692,300000.0,1821137.170098692,-450000.0,
64,328,328,804,804,796997.8076361412,6706023.3109728,A0006,POINT (796997.8076361412 6706023.3109728),1.0,"0    27597.417203
dtype: float64",5.0,"0    27597.417203
dtype: float64",356928.98,0.0059311749894642,2194.534746101788,6583.604238305363,Bourgogne-Franche-Comté,801005.1823271526,0,1,0,0,small,2403015.5469814576,2103015.5469814576,300000.0,1653015.5469814576,-450000.0,
65,334,334,7390,7390,709704.4537087287,6631616.368381944,N0007,POINT (709704.4537087287 6631616.368381944),1.0,"0    61469.481443
dtype: float64",5.0,"0    23412.970725
dtype: float64",783554.34,0.0130205115434846,4817.589271089318,14452.767813267954,Bourgogne-Franche-Comté,1758420.083947601,0,0,0,1,large,5275260.251842803,5065260.251842803,210000.0,3865260.2518428033,-1200000.0,
66,337,337,753,753,722881.1221128912,6756672.274044234,A0006,POINT (722881.1221128912 6756672.274044234),1.0,"0    16508.029367
dtype: float64",5.0,"0    9569.607563
dtype: float64",356928.98,0.0059311749894642,2194.534746101788,6583.604238305363,Bourgogne-Franche-Comté,801005.1823271526,0,1,0,0,small,2403015.5469814576,2103015.5469814576,300000.0,1653015.5469814576,-450000.0,
67,339,339,7397,7397,711581.7415604318,6627330.905505082,N0007,POINT (711581.7415604318 6627330.905505082),1.0,"0    59651.370103
dtype: float64",5.0,"0    18824.088252
dtype: float64",783554.34,0.0130205115434846,4817.589271089318,14452.767813267954,Bourgogne-Franche-Comté,1758420.083947601,0,0,0,1,large,5275260.251842803,5065260.251842803,210000.0,3865260.2518428033,-1200000.0,
68,346,346,802,802,793578.9887005355,6708089.516656272,A0006,POINT (793578.9887005355 6708089.516656272),1.0,"0    23890.367678
dtype: float64",5.0,"0    23890.367678
dtype: float64",356928.98,0.0059311749894642,2194.534746101788,6583.604238305363,Bourgogne-Franche-Comté,801005.1823271526,0,1,0,0,small,2403015.5469814576,2103015.5469814576,300000.0,1653015.5469814576,-450000.0,
69,377,377,8195,8195,848184.351000004,6315893.45,N0007,POINT (848184.351000004 6315893.45),1.0,"0    715.103784
dtype: float64",5.0,"0    0.0
dtype: float64",783554.34,0.0130205115434846,4817.589271089318,14452.767813267954,Provence-Alpes-Côte d'Azur,1758420.083947601,0,0,0,1,large,5275260.251842803,5065260.251842803,210000.0,3865260.2518428033,-1200000.0,
70,380,380,8117,8117,834393.5778417997,6358225.58060018,N0007,POINT (834393.5778417997 6358225.58060018),1.0,"0    5335.14083
dtype: float64",5.0,"0    4055.507835
dtype: float64",783554.34,0.0130205115434846,4817.589271089318,14452.767813267954,Provence-Alpes-Côte d'Azur,1758420.083947601,0,0,0,1,large,5275260.251842803,5065260.251842803,210000.0,3865260.2518428033,-1200000.0,
71,0,0,2585,2585,708011.472803343,7064667.02703473,A0022,POINT (708011.472803343 7064667.02703473),1.0,"0    0.0
dtype: float64",5.0,"0    0.0
dtype: float64",0.0,0.0,0.0,0.0,Hauts-de-France,0.0,1,0,0,0,small,0.0,0.0,0.0,0.0,0.0,2024.0
72,264,264,12501,12501,425351.1368071583,6789415.54481527,N0162,POINT (425351.1368071583 6789415.54481527),1.0,"0    6064.701879
dtype: float64",5.0,"0    2971.549347
dtype: float64",35249.76,0.0005857537678689,216.7288941115091,650.1866823345273,Pays de la Loire,79106.04635070082,1,0,0,0,small,237318.1390521025,0.0,0.0,0.0,0.0,
73,271,271,1372,1372,688619.8958245994,6173843.397378132,A0009,POINT (688619.8958245994 6173843.397378132),1.0,"0    1685.594169
dtype: float64",5.0,"0    1782.286202
dtype: float64",290811.36,0.0048324825434014,1788.0185410585475,5364.055623175643,Occitanie,652626.7674863698,1,0,0,0,small,1957880.3024591096,0.0,0.0,0.0,0.0,
74,270,270,9082,9082,585933.5617137912,6197386.153810315,N0020,POINT (585933.5617137912 6197386.153810315),1.0,"0    71115.109658
dtype: float64",5.0,"0    27756.888172
dtype: float64",26314.85,0.000437280212359,161.79367857285396,485.38103571856186,Occitanie,59054.6926790917,1,0,0,0,small,177164.0780372751,0.0,0.0,0.0,0.0,
75,269,269,11349,11349,800998.6182851881,6314321.992110474,N0106,POINT (800998.6182851881 6314321.992110474),1.0,"0    12707.340792
dtype: float64",5.0,"0    11691.053287
dtype: float64",34200.54,0.0005683186259467,210.2778916002955,630.8336748008865,Occitanie,76751.43043410785,1,0,0,0,small,230254.29130232357,0.0,0.0,0.0,0.0,
76,268,268,5681,5681,415931.8855513489,6596442.196119437,A0083,POINT (415931.8855513489 6596442.196119437),1.0,"0    29540.857414
dtype: float64",5.0,"0    17944.913084
dtype: float64",44805.14,0.0007445378230914,275.4789945438307,826.4369836314921,Pays de la Loire,100549.83300849822,1,0,0,0,small,301649.4990254946,0.0,0.0,0.0,0.0,
77,267,267,13780,13780,358375.7041499922,6684652.239839898,N0844,POINT (358375.7041499922 6684652.239839898),1.0,"0    1518.146011
dtype: float64",5.0,"0    0.0
dtype: float64",241778.9,0.0040176983237959,1486.5483798044909,4459.645139413472,Pays de la Loire,542590.1586286391,1,0,0,0,small,1627770.4758859172,0.0,0.0,0.0,0.0,
78,266,266,13742,13742,355552.1119092605,6694646.72961815,N0844,POINT (355552.1119092605 6694646.72961815),1.0,"0    2706.008353
dtype: float64",5.0,"0    0.0
dtype: float64",241778.9,0.0040176983237959,1486.5483798044909,4459.645139413472,Pays de la Loire,542590.1586286391,1,0,0,0,small,1627770.4758859172,0.0,0.0,0.0,0.0,
79,265,265,12827,12827,344289.2060677431,6721182.040789761,N0171,POINT (344289.2060677431 6721182.040789761),1.0,"0    28682.488886
dtype: float64",5.0,"0    26402.485199
dtype: float64",14860.66,0.0002469431731739,91.36897407435224,274.1069222230567,Pays de la Loire,33349.675537138566,1,0,0,0,small,100049.0266114157,0.0,0.0,0.0,0.0,
80,263,263,8633,8633,448728.2889607205,6815267.881724742,N0012,POINT (448728.2889607205 6815267.881724742),1.0,"0    18289.057003
dtype: float64",5.0,"0    18289.057003
dtype: float64",249824.07,0.0041513868550269,1536.0131363599703,4608.039409079912,Pays de la Loire,560644.7947713892,1,0,0,0,small,1681934.3843141678,0.0,0.0,0.0,0.0,
81,254,254,12438,12438,422369.54576170543,6748688.83735218,N0162,POINT (422369.54576170543 6748688.83735218),1.0,"0    5340.734726
dtype: float64",5.0,"0    5327.595949
dtype: float64",35249.76,0.0005857537678689,216.7288941115091,650.1866823345273,Pays de la Loire,79106.04635070082,1,0,0,0,small,237318.1390521025,0.0,0.0,0.0,0.0,
82,262,262,13260,13260,382105.890000001,6680789.594,N0249,POINT (382105.890000001 6680789.594),1.0,"0    18023.900292
dtype: float64",5.0,"0    3180.652362
dtype: float64",18674.26,0.0003103146846152,114.81643330765344,344.4492999229603,Pays de la Loire,41907.9981572935,1,0,0,0,small,125723.9944718805,0.0,0.0,0.0,0.0,
83,261,261,2951,2951,489054.00746611366,6790358.987594267,A0028,POINT (489054.00746611366 6790358.987594267),1.0,"0    14257.342303
dtype: float64",5.0,"0    14257.342303
dtype: float64",73035.72,0.001213652183136,449.05130776033167,1347.153923280995,Pays de la Loire,163903.72733252106,1,0,0,0,small,491711.1819975632,0.0,0.0,0.0,0.0,
84,260,260,1726,1726,536837.594999999,6789604.203,A0011,POINT (536837.594999999 6789604.203),1.0,"0    13554.497114
dtype: float64",5.0,"0    9893.851628
dtype: float64",123877.44,0.0020585013127453,761.6454857157843,2284.936457147353,Pays de la Loire,278000.6022862613,1,0,0,0,small,834001.8068587838,0.0,0.0,0.0,0.0,
85,259,259,12845,12845,330350.2922642891,6709175.989796794,N0171,POINT (330350.2922642891 6709175.989796794),1.0,"0    19859.407921
dtype: float64",5.0,"0    18364.4309
dtype: float64",14860.66,0.0002469431731739,91.36897407435224,274.1069222230567,Pays de la Loire,33349.675537138566,1,0,0,0,small,100049.0266114157,0.0,0.0,0.0,0.0,
86,258,258,12636,12636,348904.5994458416,6694284.79074631,N0165,POINT (348904.5994458416 6694284.79074631),1.0,"0    2217.512912
dtype: float64",5.0,"0    0.0
dtype: float64",142158.8,0.0023622870832518,874.0462208031828,2622.1386624095485,Pays de la Loire,319026.87059316173,1,0,0,0,small,957080.6117794852,0.0,0.0,0.0,0.0,
87,257,257,12843,12843,333593.80501808086,6711475.407357621,N0171,POINT (333593.80501808086 6711475.407357621),1.0,"0    23322.647738
dtype: float64",5.0,"0    21922.280947
dtype: float64",14860.66,0.0002469431731739,91.36897407435224,274.1069222230567,Pays de la Loire,33349.675537138566,1,0,0,0,small,100049.0266114157,0.0,0.0,0.0,0.0,
88,256,256,2913,2913,511104.391999997,6730111.09,A0028,POINT (511104.391999997 6730111.09),1.0,"0    27774.025756
dtype: float64",5.0,"0    24969.62465
dtype: float64",73035.72,0.001213652183136,449.05130776033167,1347.153923280995,Pays de la Loire,163903.72733252106,1,0,0,0,small,491711.1819975632,0.0,0.0,0.0,0.0,
89,272,272,1374,1374,688373.9867045046,6169664.469197523,A0009,POINT (688373.9867045046 6169664.469197523),1.0,"0    5836.808337
dtype: float64",5.0,"0    5836.940725
dtype: float64",290811.36,0.0048324825434014,1788.0185410585475,5364.055623175643,Occitanie,652626.7674863698,1,0,0,0,small,1957880.3024591096,0.0,0.0,0.0,0.0,
90,273,273,6686,6686,570551.0735887432,6281580.282221557,A0621,POINT (570551.0735887432 6281580.282221557),1.0,"0    3225.664555
dtype: float64",5.0,"0    0.0
dtype: float64",94833.85,0.0015758769693472,583.0744786584855,1749.2234359754566,Occitanie,212822.1847103472,1,0,0,0,small,638466.5541310416,0.0,0.0,0.0,0.0,
91,274,274,9083,9083,584690.879000001,6195802.55,N0020,POINT (584690.879000001 6195802.55),1.0,"0    72282.741408
dtype: float64",5.0,"0    29394.071045
dtype: float64",26314.85,0.000437280212359,161.79367857285396,485.38103571856186,Occitanie,59054.6926790917,1,0,0,0,small,177164.0780372751,0.0,0.0,0.0,0.0,
92,275,275,10821,10821,766260.1130442445,6402152.372562324,N0088,POINT (766260.1130442445 6402152.372562324),1.0,"0    72337.349813
dtype: float64",5.0,"0    42906.568436
dtype: float64",136167.09,0.0022627213923513,837.206915169985,2511.6207455099548,Occitanie,305580.5240370445,1,0,0,0,small,916741.5721111336,0.0,0.0,0.0,0.0,
93,290,290,10869,10869,731728.0129328907,6378035.724351435,N0088,POINT (731728.0129328907 6378035.724351435),1.0,"0    87653.678403
dtype: float64",5.0,"0    63048.41607
dtype: float64",136167.09,0.0022627213923513,837.206915169985,2511.6207455099548,Occitanie,305580.5240370445,1,0,0,0,small,916741.5721111336,0.0,0.0,0.0,0.0,
94,289,289,9320,9320,596088.1699556804,6161431.1736014895,N0022,POINT (596088.1699556804 6161431.1736014895),1.0,"0    92279.70398
dtype: float64",5.0,"0    64408.592187
dtype: float64",32407.68,0.0005385262387003,199.25470831913952,597.7641249574185,Occitanie,72727.96853648593,1,0,0,0,small,218183.90560945772,0.0,0.0,0.0,0.0,
95,288,288,4955,4955,562958.7839886382,6261982.118737641,A0064,POINT (562958.7839886382 6261982.118737641),1.0,"0    3589.40037
dtype: float64",5.0,"0    3589.40037
dtype: float64",96134.4,0.0015974885225266,591.0707533348726,1773.2122600046175,Occitanie,215740.8249672285,1,0,0,0,small,647222.4749016855,0.0,0.0,0.0,0.0,
96,287,287,10969,10969,634910.2371205904,6325623.901967146,N0088,POINT (634910.2371205904 6325623.901967146),1.0,"0    66219.0631
dtype: float64",5.0,"0    10238.04983
dtype: float64",136167.09,0.0022627213923513,837.206915169985,2511.6207455099548,Occitanie,305580.5240370445,1,0,0,0,small,916741.5721111336,0.0,0.0,0.0,0.0,
97,286,286,11359,11359,783957.6111865176,6342461.982789334,N0106,POINT (783957.6111865176 6342461.982789334),1.0,"0    45423.792882
dtype: float64",5.0,"0    37947.806395
dtype: float64",34200.54,0.0005683186259467,210.2778916002955,630.8336748008865,Occitanie,76751.43043410785,1,0,0,0,small,230254.29130232357,0.0,0.0,0.0,0.0,
98,285,285,10727,10727,829863.707628423,6345379.191388682,N0086,POINT (829863.707628423 6345379.191388682),1.0,"0    18073.628032
dtype: float64",5.0,"0    14570.75454
dtype: float64",1472.42,2.44675584425423e-05,9.05299662374065,27.15898987122195,Occitanie,3304.343767665337,1,0,0,0,small,9913.031302996013,0.0,0.0,0.0,0.0,
99,284,284,11361,11361,783573.873319343,6344992.582487966,N0106,POINT (783573.873319343 6344992.582487966),1.0,"0    47845.468333
dtype: float64",5.0,"0    36222.050668
dtype: float64",34200.54,0.0005683186259467,210.2778916002955,630.8336748008865,Occitanie,76751.43043410785,1,0,0,0,small,230254.29130232357,0.0,0.0,0.0,0.0,
100,283,283,5413,5413,701726.975146324,6337556.363869389,A0075,POINT (701726.975146324 6337556.363869389),1.0,"0    91267.671933
dtype: float64",5.0,"0    40275.330071
dtype: float64",116489.86,0.0019357401132241,716.2238418929525,2148.671525678857,Occitanie,261421.70229092764,1,0,0,0,small,784265.106872783,0.0,0.0,0.0,0.0,
101,282,282,13968,13968,555988.612999998,6288880.303,P0224,POINT (555988.612999998 6288880.303),1.0,"0    10832.770392
dtype: float64",5.0,"0    9666.654661
dtype: float64",0.0,0.0,0.0,0.0,Occitanie,0.0,1,0,0,0,small,0.0,0.0,0.0,0.0,0.0,
102,281,281,4555,4555,661929.7432242464,6231239.092729962,A0061,POINT (661929.7432242464 6231239.092729962),1.0,"0    36949.043798
dtype: float64",5.0,"0    17457.305603
dtype: float64",70415.25,0.0011701072008131,432.9396643008475,1298.8189929025425,Occitanie,158022.97746980932,1,0,0,0,small,474068.932409428,0.0,0.0,0.0,0.0,
103,280,280,9146,9146,610465.4996947232,6151832.795759087,N0020,POINT (610465.4996947232 6151832.7957590865),1.0,"0    80429.76406
dtype: float64",5.0,"0    77093.340264
dtype: float64",26314.85,0.000437280212359,161.79367857285396,485.38103571856186,Occitanie,59054.6926790917,1,0,0,0,small,177164.0780372751,0.0,0.0,0.0,0.0,
104,279,279,11601,11601,624005.083999999,6390237.488,N0122,POINT (624005.083999999 6390237.488),1.0,"0    44887.322029
dtype: float64",5.0,"0    44887.322029
dtype: float64",11557.72,0.0001920574221774,71.06124620566128,213.18373861698385,Occitanie,25937.354865066365,1,0,0,0,small,77812.06459519909,0.0,0.0,0.0,0.0,
105,278,278,4951,4951,560521.5364288151,6254754.212747269,A0064,POINT (560521.5364288151 6254754.212747269),1.0,"0    11182.606614
dtype: float64",5.0,"0    11182.606614
dtype: float64",96134.4,0.0015974885225266,591.0707533348726,1773.2122600046175,Occitanie,215740.8249672285,1,0,0,0,small,647222.4749016855,0.0,0.0,0.0,0.0,
106,277,277,11130,11130,831715.00454021,6318353.121324358,N0100,POINT (831715.00454021 6318353.121324358),1.0,"0    15748.018877
dtype: float64",5.0,"0    12707.857824
dtype: float64",11237.3,0.0001867329257184,69.09118251583162,207.27354754749484,Occitanie,25218.281618278543,1,0,0,0,small,75654.84485483562,0.0,0.0,0.0,0.0,
107,276,276,4557,4557,665762.8654374996,6231168.550371832,A0061,POINT (665762.8654374996 6231168.550371832),1.0,"0    33115.379492
dtype: float64",5.0,"0    21158.196593
dtype: float64",70415.25,0.0011701072008131,432.9396643008475,1298.8189929025425,Occitanie,158022.97746980932,1,0,0,0,small,474068.932409428,0.0,0.0,0.0,0.0,
108,255,255,11919,11919,348731.0044710481,6704869.262158555,N0137,POINT (348731.0044710481 6704869.262158555),1.0,"0    12275.605906
dtype: float64",5.0,"0    9614.434632
dtype: float64",51007.28,0.0008476002800798,313.61210362953096,940.8363108885928,Pays de la Loire,114468.4178247788,1,0,0,0,small,343405.2534743364,0.0,0.0,0.0,0.0,
109,253,253,5602,5602,413141.13392910094,6784279.510305773,A0081,POINT (413141.13392910094 6784279.510305773),1.0,"0    7230.54966
dtype: float64",5.0,"0    4694.519728
dtype: float64",17493.73,0.0002906975327373,107.55808711280106,322.6742613384032,Pays de la Loire,39258.70179617239,1,0,0,0,small,117776.10538851716,0.0,0.0,0.0,0.0,
110,292,292,1299,1299,768090.8683705376,6274601.879834343,A0009,POINT (768090.8683705376 6274601.879834343),1.0,"0    0.0
dtype: float64",5.0,"0    0.0
dtype: float64",290811.36,0.0048324825434014,1788.0185410585475,5364.055623175643,Occitanie,652626.7674863698,1,0,0,0,small,1957880.3024591096,0.0,0.0,0.0,0.0,
111,223,223,2404,2404,576962.0113260325,6505723.483451086,A0020,POINT (576962.0113260325 6505723.483451086),1.0,"0    20732.302898
dtype: float64",5.0,"0    15049.632543
dtype: float64",265363.5,0.0044096093130815,1631.555445840183,4894.666337520549,Nouvelle-Aquitaine,595517.7377316668,1,0,0,0,small,1786553.2131950003,0.0,0.0,0.0,0.0,
112,230,230,2410,2410,583556.399999999,6495686.813,A0020,POINT (583556.399999999 6495686.813),1.0,"0    32727.491154
dtype: float64",5.0,"0    15049.536732
dtype: float64",265363.5,0.0044096093130815,1631.555445840183,4894.666337520549,Nouvelle-Aquitaine,595517.7377316668,1,0,0,0,small,1786553.2131950003,0.0,0.0,0.0,0.0,
113,229,229,4620,4620,481228.2812629518,6363099.319033351,A0062,POINT (481228.2812629518 6363099.319033351),1.0,"0    15077.635561
dtype: float64",5.0,"0    15077.635561
dtype: float64",99352.26,0.0016509604786329,610.8553770941737,1832.5661312825207,Nouvelle-Aquitaine,222962.2126393734,1,0,0,0,small,668886.6379181203,0.0,0.0,0.0,0.0,
114,228,228,8415,8415,449299.32834473375,6477337.259159582,N0010,POINT (449299.32834473375 6477337.259159582),1.0,"0    37681.568363
dtype: float64",5.0,"0    31096.35694
dtype: float64",242166.37,0.0040241370062844,1488.9306923252395,4466.792076975718,Nouvelle-Aquitaine,543459.7026987125,1,0,0,0,small,1630379.1080961372,0.0,0.0,0.0,0.0,
115,227,227,2399,2399,572203.6704397689,6513838.315664547,A0020,POINT (572203.6704397689 6513838.315664547),1.0,"0    11326.083532
dtype: float64",5.0,"0    5715.729362
dtype: float64",265363.5,0.0044096093130815,1631.555445840183,4894.666337520549,Nouvelle-Aquitaine,595517.7377316668,1,0,0,0,small,1786553.2131950003,0.0,0.0,0.0,0.0,
116,226,226,12035,12035,439526.3645739256,6516000.503302088,N0141,POINT (439526.3645739256 6516000.503302088),1.0,"0    1497.164757
dtype: float64",5.0,"0    1484.934085
dtype: float64",68566.36,0.0011393837495364,421.5719873284701,1264.7159619854103,Nouvelle-Aquitaine,153873.7753748916,1,0,0,0,small,461621.3261246748,0.0,0.0,0.0,0.0,
117,225,225,12102,12102,580660.9529998469,6569888.590147937,N0145,POINT (580660.9529998469 6569888.590147937),1.0,"0    39308.905837
dtype: float64",5.0,"0    39308.905837
dtype: float64",58528.490000000005,0.0009725820415565,359.85535537593785,1079.5660661278134,Nouvelle-Aquitaine,131347.20471221732,1,0,0,0,small,394041.6141366519,0.0,0.0,0.0,0.0,
118,224,224,4727,4727,394200.019450458,6371887.292944989,A0063,POINT (394200.019450458 6371887.292944989),1.0,"0    36261.458412
dtype: float64",5.0,"0    9734.1489
dtype: float64",255732.06,0.0042495613504854,1572.3376996796032,4717.01309903881,Nouvelle-Aquitaine,573903.2603830552,1,0,0,0,small,1721709.7811491657,0.0,0.0,0.0,0.0,
119,222,222,12194,12194,515817.3062898573,6595512.656754317,N0147,POINT (515817.3062898573 6595512.656754317),1.0,"0    27591.605858
dtype: float64",5.0,"0    22885.256546
dtype: float64",29701.1,0.0004935503457286,182.61362791960408,547.8408837588122,Nouvelle-Aquitaine,66653.97419065548,1,0,0,0,small,199961.92257196645,0.0,0.0,0.0,0.0,
120,252,252,13794,13794,350869.0282192696,6686864.726366629,N0844,POINT (350869.0282192696 6686864.726366629),1.0,"0    0.0
dtype: float64",5.0,"0    0.0
dtype: float64",241778.9,0.0040176983237959,1486.5483798044909,4459.645139413472,Pays de la Loire,542590.1586286391,1,0,0,0,small,1627770.4758859172,0.0,0.0,0.0,0.0,
121,221,221,6135,6135,557868.8353132166,6451492.657776408,A0089,POINT (557868.8353132166 6451492.657776408),1.0,"0    941.60747
dtype: float64",5.0,"0    941.60747
dtype: float64",104227.89,0.0017319799988575,640.8325995773026,1922.497798731908,Nouvelle-Aquitaine,233903.89884571545,1,0,0,0,small,701711.6965371465,0.0,0.0,0.0,0.0,
122,220,220,4876,4876,432330.10484884144,6252519.002569699,A0064,POINT (432330.10484884144 6252519.002569699),1.0,"0    23117.887528
dtype: float64",5.0,"0    7558.205983
dtype: float64",96134.4,0.0015974885225266,591.0707533348726,1773.2122600046175,Nouvelle-Aquitaine,215740.8249672285,1,0,0,0,small,647222.4749016855,0.0,0.0,0.0,0.0,
123,219,219,12032,12032,441401.8672839544,6514020.138077533,N0141,POINT (441401.8672839544 6514020.138077533),1.0,"0    856.229201
dtype: float64",5.0,"0    0.0
dtype: float64",68566.36,0.0011393837495364,421.5719873284701,1264.7159619854103,Nouvelle-Aquitaine,153873.7753748916,1,0,0,0,small,461621.3261246748,0.0,0.0,0.0,0.0,
124,218,218,12213,12213,485963.6672536999,6619469.354081432,N0149,POINT (485963.66725369985 6619469.354081432),1.0,"0    10298.176401
dtype: float64",5.0,"0    10298.176401
dtype: float64",25653.68,0.0004262933909253,157.72855464237313,473.1856639271194,Nouvelle-Aquitaine,57570.92244446619,1,0,0,0,small,172712.76733339857,0.0,0.0,0.0,0.0,
125,217,217,13281,13281,428326.0607800572,6646103.674026677,N0249,POINT (428326.06078005716 6646103.674026677),1.0,"0    8377.621304
dtype: float64",5.0,"0    8377.621304
dtype: float64",18674.26,0.0003103146846152,114.81643330765344,344.4492999229603,Nouvelle-Aquitaine,41907.9981572935,1,0,0,0,small,125723.9944718805,0.0,0.0,0.0,0.0,
126,216,216,9253,9253,512238.68393420527,6335744.406172964,N0021,POINT (512238.68393420527 6335744.406172964),1.0,"0    8655.374298
dtype: float64",5.0,"0    8655.374298
dtype: float64",50862.93,0.0008452015812974,312.7245850800431,938.1737552401293,Nouvelle-Aquitaine,114144.47355421571,1,0,0,0,small,342433.4206626472,0.0,0.0,0.0,0.0,
127,215,215,12196,12196,512407.005599998,6598261.7594,N0147,POINT (512407.005599998 6598261.7594),1.0,"0    23268.453815
dtype: float64",5.0,"0    18595.397106
dtype: float64",29701.1,0.0004935503457286,182.61362791960408,547.8408837588122,Nouvelle-Aquitaine,66653.97419065548,1,0,0,0,small,199961.92257196645,0.0,0.0,0.0,0.0,
128,231,231,12012,12012,464227.5958284947,6512964.28560547,N0141,POINT (464227.5958284947 6512964.28560547),1.0,"0    21791.269617
dtype: float64",5.0,"0    8763.971186
dtype: float64",68566.36,0.0011393837495364,421.5719873284701,1264.7159619854103,Nouvelle-Aquitaine,153873.7753748916,1,0,0,0,small,461621.3261246748,0.0,0.0,0.0,0.0,
129,232,232,5000,5000,430693.339658745,6327795.353954316,A0065,POINT (430693.33965874504 6327795.353954316),1.0,"0    11610.235766
dtype: float64",5.0,"0    11610.235766
dtype: float64",2210.41,3.673091635333663e-05,13.590439050734554,40.77131715220367,Nouvelle-Aquitaine,4960.510253518112,1,0,0,0,small,14881.530760554338,0.0,0.0,0.0,0.0,
130,235,235,2963,2963,485581.922421898,6812564.373167418,A0028,POINT (485581.922421898 6812564.373167418),1.0,"0    36699.727976
dtype: float64",5.0,"0    4395.167856
dtype: float64",73035.72,0.001213652183136,449.05130776033167,1347.153923280995,Pays de la Loire,163903.72733252106,1,0,0,0,small,491711.1819975632,0.0,0.0,0.0,0.0,
131,236,236,5595,5595,425644.8691244878,6783424.760919011,A0081,POINT (425644.8691244878 6783424.760919011),1.0,"0    2545.53607
dtype: float64",5.0,"0    1671.103283
dtype: float64",17493.73,0.0002906975327373,107.55808711280106,322.6742613384032,Pays de la Loire,39258.70179617239,1,0,0,0,small,117776.10538851716,0.0,0.0,0.0,0.0,
132,251,251,11938,11938,348240.4805545748,6740963.743867165,N0137,POINT (348240.4805545748 6740963.743867165),1.0,"0    27209.39674
dtype: float64",5.0,"0    27209.39674
dtype: float64",51007.28,0.0008476002800798,313.61210362953096,940.8363108885928,Pays de la Loire,114468.4178247788,1,0,0,0,small,343405.2534743364,0.0,0.0,0.0,0.0,
133,250,250,8630,8630,454043.54204110056,6818495.118422749,N0012,POINT (454043.54204110056 6818495.118422749),1.0,"0    24477.101811
dtype: float64",5.0,"0    24477.101811
dtype: float64",249824.07,0.0041513868550269,1536.0131363599703,4608.039409079912,Pays de la Loire,560644.7947713892,1,0,0,0,small,1681934.3843141678,0.0,0.0,0.0,0.0,
134,249,249,8669,8669,408524.2654909016,6806753.865302826,N0012,POINT (408524.2654909016 6806753.865302826),1.0,"0    18438.995475
dtype: float64",5.0,"0    163.668131
dtype: float64",249824.07,0.0041513868550269,1536.0131363599703,4608.039409079912,Pays de la Loire,560644.7947713892,1,0,0,0,small,1681934.3843141678,0.0,0.0,0.0,0.0,
135,248,248,5688,5688,423439.1211304576,6595462.604895039,A0083,POINT (423439.1211304576 6595462.604895039),1.0,"0    22986.284358
dtype: float64",5.0,"0    10934.844523
dtype: float64",44805.14,0.0007445378230914,275.4789945438307,826.4369836314921,Pays de la Loire,100549.83300849822,1,0,0,0,small,301649.4990254946,0.0,0.0,0.0,0.0,
136,247,247,2955,2955,489491.4825908917,6797757.229185716,A0028,POINT (489491.4825908917 6797757.229185716),1.0,"0    21628.933272
dtype: float64",5.0,"0    19571.863325
dtype: float64",73035.72,0.001213652183136,449.05130776033167,1347.153923280995,Pays de la Loire,163903.72733252106,1,0,0,0,small,491711.1819975632,0.0,0.0,0.0,0.0,
137,246,246,5668,5668,394032.2608104584,6607915.145634701,A0083,POINT (394032.2608104584 6607915.145634701),1.0,"0    31930.467673
dtype: float64",5.0,"0    31930.467673
dtype: float64",44805.14,0.0007445378230914,275.4789945438307,826.4369836314921,Pays de la Loire,100549.83300849822,1,0,0,0,small,301649.4990254946,0.0,0.0,0.0,0.0,
138,245,245,13753,13753,359012.57772537443,6693171.473311064,N0844,POINT (359012.57772537443 6693171.473311064),1.0,"0    0.0
dtype: float64",5.0,"0    0.0
dtype: float64",241778.9,0.0040176983237959,1486.5483798044909,4459.645139413472,Pays de la Loire,542590.1586286391,1,0,0,0,small,1627770.4758859172,0.0,0.0,0.0,0.0,
139,244,244,2948,2948,487574.3854085999,6785386.28363861,A0028,POINT (487574.3854085999 6785386.28363861),1.0,"0    9571.162589
dtype: float64",5.0,"0    9571.162589
dtype: float64",73035.72,0.001213652183136,449.05130776033167,1347.153923280995,Pays de la Loire,163903.72733252106,1,0,0,0,small,491711.1819975632,0.0,0.0,0.0,0.0,
140,243,243,12853,12853,327943.159209574,6708376.732170018,N0171,POINT (327943.159209574 6708376.732170018),1.0,"0    17332.201278
dtype: float64",5.0,"0    15837.814502
dtype: float64",14860.66,0.0002469431731739,91.36897407435224,274.1069222230567,Pays de la Loire,33349.675537138566,1,0,0,0,small,100049.0266114157,0.0,0.0,0.0,0.0,
141,242,242,12855,12855,326097.4825139531,6707591.916793945,N0171,POINT (326097.4825139531 6707591.916793945),1.0,"0    15360.193316
dtype: float64",5.0,"0    13832.40031
dtype: float64",14860.66,0.0002469431731739,91.36897407435224,274.1069222230567,Pays de la Loire,33349.675537138566,1,0,0,0,small,100049.0266114157,0.0,0.0,0.0,0.0,
142,241,241,13249,13249,363178.8986363914,6689004.344616544,N0249,POINT (363178.8986363914 6689004.344616544),1.0,"0    3294.582148
dtype: float64",5.0,"0    0.0
dtype: float64",18674.26,0.0003103146846152,114.81643330765344,344.4492999229603,Pays de la Loire,41907.9981572935,1,0,0,0,small,125723.9944718805,0.0,0.0,0.0,0.0,
143,240,240,11911,11911,352952.81205828977,6695961.317517807,N0137,POINT (352952.81205828977 6695961.317517807),1.0,"0    5592.808488
dtype: float64",5.0,"0    0.0
dtype: float64",51007.28,0.0008476002800798,313.61210362953096,940.8363108885928,Pays de la Loire,114468.4178247788,1,0,0,0,small,343405.2534743364,0.0,0.0,0.0,0.0,
144,239,239,1749,1749,492414.92479480646,6776817.806467991,A0011,POINT (492414.92479480646 6776817.806467991),1.0,"0    2482.728666
dtype: float64",5.0,"0    2482.728666
dtype: float64",123877.44,0.0020585013127453,761.6454857157843,2284.936457147353,Pays de la Loire,278000.6022862613,1,0,0,0,small,834001.8068587838,0.0,0.0,0.0,0.0,
145,238,238,13801,13801,350164.025051254,6688592.406553847,N0844,POINT (350164.02505125396 6688592.406553847),1.0,"0    450.067587
dtype: float64",5.0,"0    0.0
dtype: float64",241778.9,0.0040176983237959,1486.5483798044909,4459.645139413472,Pays de la Loire,542590.1586286391,1,0,0,0,small,1627770.4758859172,0.0,0.0,0.0,0.0,
146,237,237,12442,12442,423647.2721669622,6752744.134204119,N0162,POINT (423647.2721669622 6752744.1342041185),1.0,"0    1096.076858
dtype: float64",5.0,"0    1096.076858
dtype: float64",35249.76,0.0005857537678689,216.7288941115091,650.1866823345273,Pays de la Loire,79106.04635070082,1,0,0,0,small,237318.1390521025,0.0,0.0,0.0,0.0,
147,291,291,4525,4525,607222.9496723366,6247964.954490924,A0061,POINT (607222.9496723366 6247964.954490924),1.0,"0    43377.39499
dtype: float64",5.0,"0    17571.204982
dtype: float64",70415.25,0.0011701072008131,432.9396643008475,1298.8189929025425,Occitanie,158022.97746980932,1,0,0,0,small,474068.932409428,0.0,0.0,0.0,0.0,
148,293,293,11379,11379,752895.4293907309,6356164.248800348,N0106,POINT (752895.4293907309 6356164.248800348),1.0,"0    75105.296667
dtype: float64",5.0,"0    56607.491966
dtype: float64",34200.54,0.0005683186259467,210.2778916002955,630.8336748008865,Occitanie,76751.43043410785,1,0,0,0,small,230254.29130232357,0.0,0.0,0.0,0.0,
149,212,212,11840,11840,408745.51120994217,6197977.561385263,N0134,POINT (408745.51120994217 6197977.561385263),1.0,"0    60616.711167
dtype: float64",5.0,"0    54650.877757
dtype: float64",6081.21,0.0001010529339973,37.38958557901813,112.1687567370544,Nouvelle-Aquitaine,13647.198736341616,1,0,0,0,small,40941.59620902485,0.0,0.0,0.0,0.0,
150,352,352,8871,8871,583989.601000004,6879956.162,N0013,POINT (583989.601000004 6879956.162),1.0,"0    16783.420229
dtype: float64",5.0,"0    10422.100143
dtype: float64",44891.76,0.0007459772085332,276.0115671573163,828.0347014719489,Normandie,100744.22201242045,1,0,0,0,small,302232.66603726137,0.0,0.0,0.0,0.0,
151,359,359,12888,12888,396627.8666434524,6902313.337629269,N0174,POINT (396627.8666434524 6902313.337629269),1.0,"0    37704.869766
dtype: float64",5.0,"0    4320.199169
dtype: float64",7701.84,0.0001279833337737,47.35383349627871,142.06150048883617,Normandie,17284.14922614173,1,0,0,0,small,51852.4476784252,0.0,0.0,0.0,0.0,
152,358,358,13487,13487,557568.9589344767,6924970.35303797,N0338,POINT (557568.9589344767 6924970.35303797),1.0,"0    345.303467
dtype: float64",5.0,"0    0.0
dtype: float64",31172.84,0.0005180066044471,191.66244364543235,574.987330936297,Normandie,69956.79193058281,1,0,0,0,small,209870.3757917484,0.0,0.0,0.0,0.0,
153,357,357,5740,5740,386236.101778561,6861582.256984791,A0084,POINT (386236.101778561 6861582.256984791),1.0,"0    29783.970612
dtype: float64",5.0,"0    29783.970612
dtype: float64",86658.2,0.0014400202204707,532.8074815741718,1598.4224447225154,Normandie,194474.7307745727,1,0,0,0,small,583424.1923237181,0.0,0.0,0.0,0.0,
154,356,356,8602,8602,486408.1896219832,6820994.276153079,N0012,POINT (486408.1896219832 6820994.276153079),1.0,"0    31833.381515
dtype: float64",5.0,"0    661.458318
dtype: float64",249824.07,0.0041513868550269,1536.0131363599703,4608.039409079912,Normandie,560644.7947713892,1,0,0,0,small,1681934.3843141678,0.0,0.0,0.0,0.0,
155,355,355,8928,8928,400882.8016736031,6919848.967961603,N0013,POINT (400882.8016736031 6919848.967961603),1.0,"0    42437.877038
dtype: float64",5.0,"0    20400.549262
dtype: float64",44891.76,0.0007459772085332,276.0115671573163,828.0347014719489,Normandie,100744.22201242045,1,0,0,0,small,302232.66603726137,0.0,0.0,0.0,0.0,
156,354,354,9494,9494,558950.351364053,6956451.976416382,N0027,POINT (558950.351364053 6956451.976416382),1.0,"0    20972.360124
dtype: float64",5.0,"0    16740.95288
dtype: float64",4297.9800000000005,7.142057078474753e-05,26.425611190356584,79.27683357106974,Normandie,9645.348084480152,1,0,0,0,small,28936.044253440457,0.0,0.0,0.0,0.0,
157,353,353,3030,3030,539424.7268172671,6913180.057605711,A0028,POINT (539424.7268172671 6913180.057605711),1.0,"0    6182.037475
dtype: float64",5.0,"0    3582.730467
dtype: float64",73035.72,0.001213652183136,449.05130776033167,1347.153923280995,Normandie,163903.72733252106,1,0,0,0,small,491711.1819975632,0.0,0.0,0.0,0.0,
158,351,351,2876,2876,593872.7111735374,6971267.323672352,A0028,POINT (593872.7111735374 6971267.323672352),1.0,"0    26141.11955
dtype: float64",5.0,"0    22341.316593
dtype: float64",73035.72,0.001213652183136,449.05130776033167,1347.153923280995,Normandie,163903.72733252106,1,0,0,0,small,491711.1819975632,0.0,0.0,0.0,0.0,
159,341,341,3794,3794,879943.0514470252,6611493.074555272,A0039,POINT (879943.0514470252 6611493.074555272),1.0,"0    32115.585978
dtype: float64",5.0,"0    17969.75078
dtype: float64",90302.84,0.0015005840828211,555.2161106438326,1665.648331931498,Bourgogne-Franche-Comté,202653.8803849989,1,0,0,0,small,607961.6411549968,0.0,0.0,0.0,0.0,
160,350,350,6057,6057,470000.8603601454,6862489.45816396,A0088,POINT (470000.8603601454 6862489.45816396),1.0,"0    10343.05132
dtype: float64",5.0,"0    10343.05132
dtype: float64",4828.12,8.023003509026454e-05,29.68511298339788,89.05533895019363,Normandie,10835.066238940226,1,0,0,0,small,32505.19871682068,0.0,0.0,0.0,0.0,
161,349,349,2870,2870,601477.1165993954,6980298.549760377,A0028,POINT (601477.1165993954 6980298.549760377),1.0,"0    21854.24515
dtype: float64",5.0,"0    14421.240879
dtype: float64",73035.72,0.001213652183136,449.05130776033167,1347.153923280995,Normandie,163903.72733252106,1,0,0,0,small,491711.1819975632,0.0,0.0,0.0,0.0,
162,348,348,12896,12896,397044.47088848776,6916841.095170461,N0174,POINT (397044.47088848776 6916841.095170461),1.0,"0    43727.800885
dtype: float64",5.0,"0    17754.845872
dtype: float64",7701.84,0.0001279833337737,47.35383349627871,142.06150048883617,Normandie,17284.14922614173,1,0,0,0,small,51852.4476784252,0.0,0.0,0.0,0.0,
163,347,347,3731,3731,849307.3586274801,6694383.366420221,A0038,POINT (849307.3586274801 6694383.366420221),1.0,"0    5889.746804
dtype: float64",5.0,"0    3470.684565
dtype: float64",8132.09,0.0001351329018452,49.999173682750246,149.99752104825075,Bourgogne-Franche-Comté,18249.69839420384,1,0,0,0,small,54749.09518261152,0.0,0.0,0.0,0.0,
164,345,345,3699,3699,874088.0961645154,6665243.80645125,A0036,POINT (874088.0961645154 6665243.80645125),1.0,"0    8306.310478
dtype: float64",5.0,"0    8306.310478
dtype: float64",247699.58,0.0041160836920465,1522.9509660572237,4568.85289817167,Bourgogne-Franche-Comté,555877.1026108866,1,0,0,0,small,1667631.3078326597,0.0,0.0,0.0,0.0,
165,344,344,10522,10522,906871.8680958204,6644427.657173087,N0083,POINT (906871.8680958203 6644427.657173087),1.0,"0    30266.805469
dtype: float64",5.0,"0    23478.950898
dtype: float64",0.0,0.0,0.0,0.0,Bourgogne-Franche-Comté,0.0,1,0,0,0,small,0.0,0.0,0.0,0.0,0.0,
166,343,343,10543,10543,917780.6971028128,6661940.68512807,N0083,POINT (917780.6971028128 6661940.68512807),1.0,"0    24744.651504
dtype: float64",5.0,"0    22500.940838
dtype: float64",0.0,0.0,0.0,0.0,Bourgogne-Franche-Comté,0.0,1,0,0,0,small,0.0,0.0,0.0,0.0,0.0,
167,360,360,12895,12895,397573.24519000575,6914957.817824263,N0174,POINT (397573.24519000575 6914957.817824263),1.0,"0    42267.395671
dtype: float64",5.0,"0    15804.269781
dtype: float64",7701.84,0.0001279833337737,47.35383349627871,142.06150048883617,Normandie,17284.14922614173,1,0,0,0,small,51852.4476784252,0.0,0.0,0.0,0.0,
168,361,361,3011,3011,516072.8396828377,6889983.212720901,A0028,POINT (516072.8396828377 6889983.212720901),1.0,"0    36876.727072
dtype: float64",5.0,"0    7241.215587
dtype: float64",73035.72,0.001213652183136,449.05130776033167,1347.153923280995,Normandie,163903.72733252106,1,0,0,0,small,491711.1819975632,0.0,0.0,0.0,0.0,
169,362,362,6060,6060,469210.848200001,6863506.641,A0088,POINT (469210.848200001 6863506.641),1.0,"0    11628.468602
dtype: float64",5.0,"0    11628.468602
dtype: float64",4828.12,8.023003509026454e-05,29.68511298339788,89.05533895019363,Normandie,10835.066238940226,1,0,0,0,small,32505.19871682068,0.0,0.0,0.0,0.0,
170,363,363,1935,1935,551664.6967724038,6917423.852265953,A0013,POINT (551664.6967724038 6917423.852265953),1.0,"0    868.733719
dtype: float64",5.0,"0    868.733719
dtype: float64",199619.88,0.0033171317152668,1227.338734648751,3682.016203946253,Normandie,447978.6381467941,1,0,0,0,small,1343935.9144403825,0.0,0.0,0.0,0.0,
171,379,379,11468,11468,840298.1824059144,6283312.880716567,N0113,POINT (840298.1824059144 6283312.880716567),1.0,"0    4097.574471
dtype: float64",5.0,"0    4097.574471
dtype: float64",11316.11,0.0001880425305057,69.57573628711768,208.72720886135303,Provence-Alpes-Côte d'Azur,25395.14374479795,1,0,0,0,small,76185.43123439385,0.0,0.0,0.0,0.0,
172,378,378,10626,10626,941301.626255892,6405026.688059577,N0085,POINT (941301.6262558921 6405026.688059577),1.0,"0    54743.56753
dtype: float64",5.0,"0    15716.997523
dtype: float64",32244.15,0.0005358088212297,198.24926385500544,594.7477915650163,Provence-Alpes-Côte d'Azur,72360.98130707699,1,0,0,0,small,217082.94392123097,0.0,0.0,0.0,0.0,
173,376,376,11070,11070,952102.3659696958,6390971.582599821,N0094,POINT (952102.3659696958 6390971.582599821),1.0,"0    72394.614138
dtype: float64",5.0,"0    5528.81528
dtype: float64",14167.53,0.000235425264708,87.10734794198963,261.3220438259689,Provence-Alpes-Côte d'Azur,31794.18199882621,1,0,0,0,small,95382.54599647864,0.0,0.0,0.0,0.0,
174,375,375,1245,1245,842693.262000002,6339023.154,A0009,POINT (842693.262000002 6339023.154),1.0,"0    3911.029081
dtype: float64",5.0,"0    2335.81636
dtype: float64",290811.36,0.0048324825434014,1788.0185410585475,5364.055623175643,Provence-Alpes-Côte d'Azur,652626.7674863698,1,0,0,0,small,1957880.3024591096,0.0,0.0,0.0,0.0,
