,index,easting,northing,route,geometry,closest_dense_hub,distance_to_closest_dense_hub,closest_elargie_hub,distance_to_closest_large_hub,TMJA_PL,percentage_traffic,Quantity_sold_per_day(in kg),Revenues_day,Quantity_sold_per_year(in kg),not_prof,small_station,medium_station,large_station,station_type
2316,2316,604141.6866886847,6647111.049058732,A0020,POINT (604141.6866886847 6647111.049058732),1.0,"0    6722.892027
dtype: float64",5.0,"0    6202.714991
dtype: float64",265363.5,0.021420846823811422,6202.732167242785,24810.92866897114,2263997.2410436166,0,0,0,1,large
1017,1017,839253.2667302774,6356460.910758239,A0007,POINT (839253.2667302774 6356460.910758239),1.0,"0    5159.204184
dtype: float64",5.0,"0    356.460962
dtype: float64",321874.2,0.025982540683767145,5967.024860478938,23868.09944191575,2177964.0740748122,0,0,0,1,large
338,338,734701.608691097,6889961.19233955,A0004,POINT (734701.608691097 6889961.19233955),1.0,"0    7144.135386
dtype: float64",5.0,"0    7134.041155
dtype: float64",489209.44,0.03949028588710416,6262.03104781223,25048.12419124892,2285641.332451464,0,0,0,1,large
1764,1764,470438.09398285614,6762367.290763071,A0011,POINT (470438.09398285614 6762367.290763071),1.0,"0    16402.36047
dtype: float64",5.0,"0    13236.950671
dtype: float64",123877.44,0.009999716114559425,3917.535842527398,15670.143370109592,1429900.5825225003,0,0,0,1,large
472,472,956720.7323517036,6898161.274399979,A0004,POINT (956720.7323517036 6898161.274399979),1.0,"0    12702.715476
dtype: float64",5.0,"0    10182.654947
dtype: float64",489209.44,0.03949028588710416,6262.03104781223,25048.12419124892,2285641.332451464,0,0,0,1,large
1450,1450,613840.131607438,6756482.770158395,A0010,POINT (613840.131607438 6756482.770158395),1.0,"0    3686.647998
dtype: float64",5.0,"0    0.0
dtype: float64",381900.72,0.03082804087609372,4368.398983718812,17473.595934875248,1594465.6290573664,0,0,0,1,large
2926,2926,498871.71443133114,6742477.653938501,A0028,POINT (498871.71443133114 6742477.653938501),1.0,"0    21563.47006
dtype: float64",5.0,"0    20621.304185
dtype: float64",73035.72,0.005895637383388373,3569.540452124233,14278.161808496932,1302882.2650253451,0,0,0,1,large
2277,2277,645805.2975834396,6779448.139674737,A0019,POINT (645805.2975834396 6779448.139674737),1.0,"0    21738.297324
dtype: float64",5.0,"0    1516.29748
dtype: float64",26815.98,0.002164657158992818,3604.154169723042,14416.616678892167,1315516.2719489103,0,0,0,1,large
54,54,652895.6780366435,6869486.499430487,A0001,POINT (652895.6780366435 6869486.499430487),1.0,"0    0.0
dtype: float64",5.0,"0    0.0
dtype: float64",333120.37,0.02689036140863904,5267.347264162824,21069.389056651296,1922581.7514194308,0,0,0,1,large
1108,1108,840541.498000003,6499453.796,A0007N,POINT (840541.498000003 6499453.796),1.0,"0    535.246248
dtype: float64",5.0,"0    0.0
dtype: float64",88524.21,0.007145909451031944,3660.904380297904,14643.617521191616,1336230.098808735,0,0,0,1,large
933,933,841330.403967315,6516477.458453015,A0007,POINT (841330.403967315 6516477.458453015),1.0,"0    1442.374191
dtype: float64",5.0,"0    0.0
dtype: float64",321874.2,0.025982540683767145,5967.024860478938,23868.09944191575,2177964.0740748122,0,0,0,1,large
1315,1315,742106.5931593231,6257533.081976778,A0009,POINT (742106.5931593231 6257533.081976778),1.0,"0    14403.655559
dtype: float64",5.0,"0    14403.655559
dtype: float64",290811.36,0.023475065701139306,7817.19687847939,31268.78751391756,2853276.860644977,0,0,0,1,large
1272,1272,808412.049072161,6302219.121667483,A0009,POINT (808412.049072161 6302219.121667483),1.0,"0    684.805404
dtype: float64",5.0,"0    269.803633
dtype: float64",290811.36,0.023475065701139306,7817.19687847939,31268.78751391756,2853276.860644977,0,0,0,1,large
517,517,1023608.8645247521,6862100.650717785,A0004,POINT (1023608.8645247521 6862100.650717785),1.0,"0    2228.721313
dtype: float64",5.0,"0    2095.104373
dtype: float64",489209.44,0.03949028588710416,6262.03104781223,25048.12419124892,2285641.332451464,0,0,0,1,large
3065,3065,529849.5939926741,6950442.449441817,A0029,POINT (529849.5939926741 6950442.449441817),1.0,"0    17403.462916
dtype: float64",5.0,"0    14706.752522
dtype: float64",69686.13,0.005625249578311297,5352.023170221891,21408.092680887563,1953488.4571309902,0,0,0,1,large
1581,1581,451606.93144624407,6590417.47884752,A0010,POINT (451606.93144624407 6590417.47884752),1.0,"0    15074.343497
dtype: float64",5.0,"0    6106.787214
dtype: float64",381900.72,0.03082804087609372,4368.398983718812,17473.595934875248,1594465.6290573664,0,0,0,1,large
402,402,838529.5282294524,6887447.056446741,A0004,POINT (838529.5282294524 6887447.056446741),1.0,"0    35173.204698
dtype: float64",5.0,"0    30749.947992
dtype: float64",489209.44,0.03949028588710416,6262.03104781223,25048.12419124892,2285641.332451464,0,0,0,1,large
1887,1887,621152.2666549968,6874562.180244037,A0013,POINT (621152.2666549968 6874562.180244037),1.0,"0    2108.717585
dtype: float64",5.0,"0    2108.717585
dtype: float64",199619.88,0.016113847128439357,6707.388867212882,26829.55546885153,2448196.936532702,0,0,0,1,large
2421,2421,586448.5246228022,6464155.213975384,A0020,POINT (586448.5246228022 6464155.213975384),1.0,"0    9047.60777
dtype: float64",5.0,"0    9047.60777
dtype: float64",265363.5,0.021420846823811422,6202.732167242785,24810.92866897114,2263997.2410436166,0,0,0,1,large
284,284,665242.4136582104,6858759.0078040445,A0004,POINT (665242.4136582104 6858759.0078040445),1.0,"0    2991.984221
dtype: float64",5.0,"0    0.0
dtype: float64",489209.44,0.03949028588710416,6262.03104781223,25048.12419124892,2285641.332451464,0,0,0,1,large
1853,1853,630741.1433908233,6857245.017517114,A0012,POINT (630741.1433908233 6857245.017517114),1.0,"0    5857.832179
dtype: float64",5.0,"0    4546.004717
dtype: float64",49711.95,0.004012880694831702,6681.446356894783,26725.785427579132,2438727.9202665957,0,0,0,1,large
2616,2616,732321.1526413861,7032756.4549357025,A0023,POINT (732321.1526413861 7032756.4549357025),1.0,"0    4845.88413
dtype: float64",5.0,"0    1479.631344
dtype: float64",0.0,0.0,0.0,0.0,0.0,1,0,0,0,not profitable
1681,1681,613895.4503982571,6825752.729489796,A0011,POINT (613895.4503982571 6825752.729489796),1.0,"0    12958.47756
dtype: float64",5.0,"0    7609.891761
dtype: float64",123877.44,0.009999716114559425,3917.535842527398,15670.143370109592,1429900.5825225003,0,0,0,1,large
1111,1111,842342.3808779687,6496875.287912609,A0007N,POINT (842342.3808779687 6496875.287912609),1.0,"0    94.374605
dtype: float64",5.0,"0    101.851296
dtype: float64",88524.21,0.007145909451031944,3660.904380297904,14643.617521191616,1336230.098808735,0,0,0,1,large
1380,1380,685179.7452506537,6158398.070616464,A0009,POINT (685179.7452506537 6158398.070616464),1.0,"0    17304.830916
dtype: float64",5.0,"0    17304.830916
dtype: float64",290811.36,0.023475065701139306,7817.19687847939,31268.78751391756,2853276.860644977,0,0,0,1,large
1525,1525,516977.6484028317,6665776.62475991,A0010,POINT (516977.6484028317 6665776.62475991),1.0,"0    28102.000786
dtype: float64",5.0,"0    18335.033985
dtype: float64",381900.72,0.03082804087609372,4368.398983718812,17473.595934875248,1594465.6290573664,0,0,0,1,large
1811,1811,410634.5564388789,6711187.166217928,A0011,POINT (410634.5564388789 6711187.166217928),1.0,"0    22552.619197
dtype: float64",5.0,"0    19007.757429
dtype: float64",123877.44,0.009999716114559425,3917.535842527398,15670.143370109592,1429900.5825225003,0,0,0,1,large
955,955,841946.3621408436,6471025.189723468,A0007,POINT (841946.3621408436 6471025.189723468),1.0,"0    4123.709388
dtype: float64",5.0,"0    0.0
dtype: float64",321874.2,0.025982540683767145,5967.024860478938,23868.09944191575,2177964.0740748122,0,0,0,1,large
2124,2124,619952.8539435695,6999289.496979746,A0016,POINT (619952.8539435695 6999289.496979746),1.0,"0    31840.657495
dtype: float64",5.0,"0    2679.83398
dtype: float64",42708.41,0.0034475363367551908,1435.0370001743481,5740.1480006973925,523788.50506363704,0,0,0,1,large
157,157,690942.0539049591,7009895.06186685,A0001,POINT (690942.0539049591 7009895.06186685),1.0,"0    8593.656555
dtype: float64",5.0,"0    8223.363102
dtype: float64",333120.37,0.02689036140863904,5267.347264162824,21069.389056651296,1922581.7514194308,0,0,0,1,large
652,652,840682.6701500014,6776663.13247235,A0005,POINT (840682.6701500014 6776663.13247235),1.0,"0    58534.196349
dtype: float64",5.0,"0    58534.196349
dtype: float64",52949.71,0.0042742412851625635,2372.2039132652226,9488.81565306089,865854.4283418063,0,0,0,1,large
1543,1543,506117.76644650433,6632185.196709325,A0010,POINT (506117.76644650433 6632185.196709325),1.0,"0    16894.31509
dtype: float64",5.0,"0    6716.509225
dtype: float64",381900.72,0.03082804087609372,4368.398983718812,17473.595934875248,1594465.6290573664,0,0,0,1,large
1891,1891,616032.4840010572,6874692.379505964,A0013,POINT (616032.4840010572 6874692.379505964),1.0,"0    3887.129979
dtype: float64",5.0,"0    188.686362
dtype: float64",199619.88,0.016113847128439357,6707.388867212882,26829.55546885153,2448196.936532702,0,0,0,1,large
1672,1672,426644.1591147139,6432937.855012459,A0010,POINT (426644.1591147139 6432937.855012459),1.0,"0    1460.824323
dtype: float64",5.0,"0    1227.482659
dtype: float64",381900.72,0.03082804087609372,4368.398983718812,17473.595934875248,1594465.6290573664,0,0,0,1,large
2123,2123,621729.3873238252,6998536.933146625,A0016,POINT (621729.3873238252 6998536.933146625),1.0,"0    29934.269063
dtype: float64",5.0,"0    4380.65063
dtype: float64",42708.41,0.0034475363367551908,1435.0370001743481,5740.1480006973925,523788.50506363704,0,0,0,1,large
1210,1210,1020928.7025356666,6281900.854015777,A0008,POINT (1020928.7025356666 6281900.854015777),1.0,"0    29336.18661
dtype: float64",5.0,"0    11170.485352
dtype: float64",159447.95,0.01287106219702688,6122.948159442787,24491.79263777115,2234876.0781966173,0,0,0,1,large
1990,1990,643298.0039697275,6866452.403569332,A0014,POINT (643298.0039697275 6866452.403569332),1.0,"0    1874.402177
dtype: float64",5.0,"0    0.0
dtype: float64",6620.95,0.0005344606766873147,1186.5027022458387,4746.010808983355,433073.4863197311,0,0,0,1,large
334,334,727360.6607474203,6886491.860267498,A0004,POINT (727360.6607474203 6886491.860267498),1.0,"0    550.530442
dtype: float64",5.0,"0    0.0
dtype: float64",489209.44,0.03949028588710416,6262.03104781223,25048.12419124892,2285641.332451464,0,0,0,1,large
938,938,843556.259012205,6512002.1353864325,A0007,POINT (843556.259012205 6512002.1353864325),1.0,"0    0.0
dtype: float64",5.0,"0    0.0
dtype: float64",321874.2,0.025982540683767145,5967.024860478938,23868.09944191575,2177964.0740748122,0,0,0,1,large
2678,2678,637114.5378978612,7076326.783285806,A0026,POINT (637114.5378978612 7076326.783285806),1.0,"0    13291.986839
dtype: float64",5.0,"0    8274.809714
dtype: float64",156332.18,0.012619548963638615,5252.887256114574,21011.549024458294,1917303.8484818193,0,0,0,1,large
79,79,664122.2010627659,6876679.358270301,A0001,POINT (664122.2010627659 6876679.358270301),1.0,"0    0.0
dtype: float64",5.0,"0    0.0
dtype: float64",333120.37,0.02689036140863904,5267.347264162824,21069.389056651296,1922581.7514194308,0,0,0,1,large
1951,1951,526187.1712031033,6922914.20078482,A0013,POINT (526187.1712031033 6922914.20078482),1.0,"0    10916.31425
dtype: float64",5.0,"0    6370.438894
dtype: float64",199619.88,0.016113847128439357,6707.388867212882,26829.55546885153,2448196.936532702,0,0,0,1,large
1071,1071,880424.7469662968,6271059.987836599,A0007,POINT (880424.7469662968 6271059.987836599),1.0,"0    2073.375081
dtype: float64",5.0,"0    75.218447
dtype: float64",321874.2,0.025982540683767145,5967.024860478938,23868.09944191575,2177964.0740748122,0,0,0,1,large
1451,1451,611914.259278549,6756248.512074134,A0010,POINT (611914.259278549 6756248.512074134),1.0,"0    4222.772564
dtype: float64",5.0,"0    551.24923
dtype: float64",381900.72,0.03082804087609372,4368.398983718812,17473.595934875248,1594465.6290573664,0,0,0,1,large
341,341,740478.4890509713,6892182.034065769,A0004,POINT (740478.4890509713 6892182.034065769),1.0,"0    13304.200339
dtype: float64",5.0,"0    13217.002144
dtype: float64",489209.44,0.03949028588710416,6262.03104781223,25048.12419124892,2285641.332451464,0,0,0,1,large
2989,2989,500399.59249419626,6854653.715143171,A0028,POINT (500399.59249419626 6854653.715143171),1.0,"0    21752.085867
dtype: float64",5.0,"0    21713.31394
dtype: float64",73035.72,0.005895637383388373,3569.540452124233,14278.161808496932,1302882.2650253451,0,0,0,1,large
1596,1596,430294.45280958456,6570804.689294864,A0010,POINT (430294.45280958456 6570804.689294864),1.0,"0    13786.629119
dtype: float64",5.0,"0    9084.517163
dtype: float64",381900.72,0.03082804087609372,4368.398983718812,17473.595934875248,1594465.6290573664,0,0,0,1,large
1588,1588,439986.1372789761,6582822.456347999,A0010,POINT (439986.1372789761 6582822.456347999),1.0,"0    2767.261741
dtype: float64",5.0,"0    1928.624939
dtype: float64",381900.72,0.03082804087609372,4368.398983718812,17473.595934875248,1594465.6290573664,0,0,0,1,large
610,610,771846.6816957804,6796436.311343398,A0005,POINT (771846.6816957804 6796436.311343398),1.0,"0    1491.757629
dtype: float64",5.0,"0    1491.757629
dtype: float64",52949.71,0.0042742412851625635,2372.2039132652226,9488.81565306089,865854.4283418063,0,0,0,1,large
1114,1114,844793.890000001,6495073.158,A0007N,POINT (844793.890000001 6495073.158),1.0,"0    2641.449922
dtype: float64",5.0,"0    507.94949
dtype: float64",88524.21,0.007145909451031944,3660.904380297904,14643.617521191616,1336230.098808735,0,0,0,1,large
1337,1337,704670.5305069871,6231840.158551949,A0009,POINT (704670.5305069871 6231840.158551949),1.0,"0    4323.55995
dtype: float64",5.0,"0    4323.55995
dtype: float64",290811.36,0.023475065701139306,7817.19687847939,31268.78751391756,2853276.860644977,0,0,0,1,large
2278,2278,643910.7418166051,6779415.406336126,A0019,POINT (643910.7418166051 6779415.406336126),1.0,"0    22557.21189
dtype: float64",5.0,"0    706.08534
dtype: float64",26815.98,0.002164657158992818,3604.154169723042,14416.616678892167,1315516.2719489103,0,0,0,1,large
576,576,715510.3147498067,6803825.715148728,A0005,POINT (715510.3147498067 6803825.715148728),1.0,"0    17981.764399
dtype: float64",5.0,"0    13849.383139
dtype: float64",52949.71,0.0042742412851625635,2372.2039132652226,9488.81565306089,865854.4283418063,0,0,0,1,large
93,93,667686.6892313482,6891809.560914348,A0001,POINT (667686.6892313482 6891809.560914348),1.0,"0    3679.686808
dtype: float64",5.0,"0    3521.484031
dtype: float64",333120.37,0.02689036140863904,5267.347264162824,21069.389056651296,1922581.7514194308,0,0,0,1,large
569,569,709825.969999999,6807720.856,A0005,POINT (709825.969999999 6807720.856),1.0,"0    11551.06542
dtype: float64",5.0,"0    7945.81231
dtype: float64",52949.71,0.0042742412851625635,2372.2039132652226,9488.81565306089,865854.4283418063,0,0,0,1,large
2801,2801,767711.1534365801,6923861.548681665,A0026,POINT (767711.1534365801 6923861.548681665),1.0,"0    15551.645238
dtype: float64",5.0,"0    13482.381042
dtype: float64",156332.18,0.012619548963638615,5252.887256114574,21011.549024458294,1917303.8484818193,0,0,0,1,large
2485,2485,581791.6130627682,6366672.7852397505,A0020,POINT (581791.6130627682 6366672.7852397505),1.0,"0    44842.431744
dtype: float64",5.0,"0    9377.35157
dtype: float64",265363.5,0.021420846823811422,6202.732167242785,24810.92866897114,2263997.2410436166,0,0,0,1,large
77,77,662252.0423719805,6874728.354773903,A0001,POINT (662252.0423719805 6874728.354773903),1.0,"0    0.0
dtype: float64",5.0,"0    0.0
dtype: float64",333120.37,0.02689036140863904,5267.347264162824,21069.389056651296,1922581.7514194308,0,0,0,1,large
1096,1096,890530.2435303739,6257837.161956808,A0007,POINT (890530.2435303739 6257837.161956808),1.0,"0    4209.190405
dtype: float64",5.0,"0    0.0
dtype: float64",321874.2,0.025982540683767145,5967.024860478938,23868.09944191575,2177964.0740748122,0,0,0,1,large
953,953,841509.4458052453,6475870.76756544,A0007,POINT (841509.4458052453 6475870.76756544),1.0,"0    8986.969633
dtype: float64",5.0,"0    850.238751
dtype: float64",321874.2,0.025982540683767145,5967.024860478938,23868.09944191575,2177964.0740748122,0,0,0,1,large
2010,2010,647304.854000002,6872434.219,A0015,POINT (647304.854000002 6872434.219),1.0,"0    0.0
dtype: float64",5.0,"0    0.0
dtype: float64",118449.4,0.00956155030278229,4245.328334435337,16981.313337741347,1549544.8420688978,0,0,0,1,large
942,942,842344.157473257,6506404.824280105,A0007,POINT (842344.157473257 6506404.824280105),1.0,"0    2779.089975
dtype: float64",5.0,"0    0.0
dtype: float64",321874.2,0.025982540683767145,5967.024860478938,23868.09944191575,2177964.0740748122,0,0,0,1,large
2042,2042,634546.9012995954,6881902.492142279,A0015,POINT (634546.9012995954 6881902.492142279),1.0,"0    256.389483
dtype: float64",5.0,"0    0.0
dtype: float64",118449.4,0.00956155030278229,4245.328334435337,16981.313337741347,1549544.8420688978,0,0,0,1,large
2718,2718,692841.7009948363,7024116.675903254,A0026,POINT (692841.7009948363 7024116.675903254),1.0,"0    4074.496889
dtype: float64",5.0,"0    2752.717897
dtype: float64",156332.18,0.012619548963638615,5252.887256114574,21011.549024458294,1917303.8484818193,0,0,0,1,large
3058,3058,515921.7417186225,6947148.596267386,A0029,POINT (515921.7417186225 6947148.596267386),1.0,"0    12654.709915
dtype: float64",5.0,"0    10079.400697
dtype: float64",69686.13,0.005625249578311297,5352.023170221891,21408.092680887563,1953488.4571309902,0,0,0,1,large
345,345,748579.2867728351,6894574.792127407,A0004,POINT (748579.2867728351 6894574.792127407),1.0,"0    21692.360941
dtype: float64",5.0,"0    21368.395617
dtype: float64",489209.44,0.03949028588710416,6262.03104781223,25048.12419124892,2285641.332451464,0,0,0,1,large
864,864,842292.4786595723,6615632.732729875,A0006,POINT (842292.4786595723 6615632.732729875),1.0,"0    12235.458588
dtype: float64",5.0,"0    10427.219548
dtype: float64",356928.98,0.028812255670275868,11993.10142275233,47972.40569100932,4377482.019304601,0,0,0,1,large
2205,2205,643751.6642357502,7096246.342361083,A0016,POINT (643751.6642357502 7096246.342361083),1.0,"0    4611.655208
dtype: float64",5.0,"0    0.0
dtype: float64",42708.41,0.0034475363367551908,1435.0370001743481,5740.1480006973925,523788.50506363704,0,0,0,1,large
2873,2873,597226.0951425923,6976196.818244498,A0028,POINT (597226.0951425923 6976196.818244498),1.0,"0    22783.596853
dtype: float64",5.0,"0    17396.918453
dtype: float64",73035.72,0.005895637383388373,3569.540452124233,14278.161808496932,1302882.2650253451,0,0,0,1,large
300,300,674684.9952766962,6859186.552413885,A0004,POINT (674684.9952766962 6859186.552413885),1.0,"0    922.142589
dtype: float64",5.0,"0    0.0
dtype: float64",489209.44,0.03949028588710416,6262.03104781223,25048.12419124892,2285641.332451464,0,0,0,1,large
1526,1526,516790.0612731768,6663710.714276195,A0010,POINT (516790.0612731768 6663710.714276195),1.0,"0    30161.175953
dtype: float64",5.0,"0    16260.993796
dtype: float64",381900.72,0.03082804087609372,4368.398983718812,17473.595934875248,1594465.6290573664,0,0,0,1,large
2034,2034,635624.660458693,6881633.338468362,A0015,POINT (635624.660458693 6881633.338468362),1.0,"0    0.0
dtype: float64",5.0,"0    0.0
dtype: float64",118449.4,0.00956155030278229,4245.328334435337,16981.313337741347,1549544.8420688978,0,0,0,1,large
506,506,1003852.997,6867371.386,A0004,POINT (1003852.997 6867371.386),1.0,"0    20180.362771
dtype: float64",5.0,"0    11075.075847
dtype: float64",489209.44,0.03949028588710416,6262.03104781223,25048.12419124892,2285641.332451464,0,0,0,1,large
101,101,674445.7471093528,6902999.859197257,A0001,POINT (674445.7471093528 6902999.859197257),1.0,"0    10637.602285
dtype: float64",5.0,"0    0.0
dtype: float64",333120.37,0.02689036140863904,5267.347264162824,21069.389056651296,1922581.7514194308,0,0,0,1,large
2101,2101,643797.7187368876,6973849.1805739505,A0016,POINT (643797.7187368876 6973849.1805739505),1.0,"0    8569.945405
dtype: float64",5.0,"0    1231.802738
dtype: float64",42708.41,0.0034475363367551908,1435.0370001743481,5740.1480006973925,523788.50506363704,0,0,0,1,large
1479,1479,566405.4120897468,6725715.49967497,A0010,POINT (566405.4120897468 6725715.49967497),1.0,"0    4996.25036
dtype: float64",5.0,"0    4996.25036
dtype: float64",381900.72,0.03082804087609372,4368.398983718812,17473.595934875248,1594465.6290573664,0,0,0,1,large
110,110,678486.9552314035,6919852.289262906,A0001,POINT (678486.9552314035 6919852.289262906),1.0,"0    4237.985805
dtype: float64",5.0,"0    0.0
dtype: float64",333120.37,0.02689036140863904,5267.347264162824,21069.389056651296,1922581.7514194308,0,0,0,1,large
2338,2338,584815.3924686429,6600168.256435859,A0020,POINT (584815.3924686429 6600168.256435859),1.0,"0    38527.278082
dtype: float64",5.0,"0    36310.223544
dtype: float64",265363.5,0.021420846823811422,6202.732167242785,24810.92866897114,2263997.2410436166,0,0,0,1,large
1190,1190,993040.3909341238,6269420.6892085485,A0008,POINT (993040.3909341238 6269420.6892085485),1.0,"0    57932.916454
dtype: float64",5.0,"0    5950.525218
dtype: float64",159447.95,0.01287106219702688,6122.948159442787,24491.79263777115,2234876.0781966173,0,0,0,1,large
1032,1032,849232.8139905151,6335281.12225477,A0007,POINT (849232.8139905151 6335281.12225477),1.0,"0    3000.026917
dtype: float64",5.0,"0    3000.026917
dtype: float64",321874.2,0.025982540683767145,5967.024860478938,23868.09944191575,2177964.0740748122,0,0,0,1,large
2895,2895,565662.6539178492,6933861.576587262,A0028,POINT (565662.6539178492 6933861.576587262),1.0,"0    7271.759118
dtype: float64",5.0,"0    6100.493027
dtype: float64",73035.72,0.005895637383388373,3569.540452124233,14278.161808496932,1302882.2650253451,0,0,0,1,large
1043,1043,853757.7663736006,6314621.127458189,A0007,POINT (853757.7663736006 6314621.127458189),1.0,"0    6249.977474
dtype: float64",5.0,"0    0.0
dtype: float64",321874.2,0.025982540683767145,5967.024860478938,23868.09944191575,2177964.0740748122,0,0,0,1,large
133,133,685752.2777426727,6965384.685673978,A0001,POINT (685752.2777426727 6965384.685673978),1.0,"0    1859.448206
dtype: float64",5.0,"0    1202.543316
dtype: float64",333120.37,0.02689036140863904,5267.347264162824,21069.389056651296,1922581.7514194308,0,0,0,1,large
1716,1716,555874.8953147496,6794838.652698985,A0011,POINT (555874.8953147496 6794838.652698985),1.0,"0    20376.503226
dtype: float64",5.0,"0    20376.503226
dtype: float64",123877.44,0.009999716114559425,3917.535842527398,15670.143370109592,1429900.5825225003,0,0,0,1,large
651,651,838797.1370853517,6777345.522627078,A0005,POINT (838797.1370853517 6777345.522627078),1.0,"0    56535.59744
dtype: float64",5.0,"0    56535.59744
dtype: float64",52949.71,0.0042742412851625635,2372.2039132652226,9488.81565306089,865854.4283418063,0,0,0,1,large
1124,1124,884524.971724952,6275538.677811281,A0008,POINT (884524.971724952 6275538.677811281),1.0,"0    8085.480423
dtype: float64",5.0,"0    5242.671084
dtype: float64",159447.95,0.01287106219702688,6122.948159442787,24491.79263777115,2234876.0781966173,0,0,0,1,large
1906,1906,588219.4487222997,6882224.557894952,A0013,POINT (588219.4487222997 6882224.557894952),1.0,"0    17280.9128
dtype: float64",5.0,"0    7396.329948
dtype: float64",199619.88,0.016113847128439357,6707.388867212882,26829.55546885153,2448196.936532702,0,0,0,1,large
1492,1492,543455.148379321,6715350.134773569,A0010,POINT (543455.148379321 6715350.134773569),1.0,"0    13663.066475
dtype: float64",5.0,"0    13233.924793
dtype: float64",381900.72,0.03082804087609372,4368.398983718812,17473.595934875248,1594465.6290573664,0,0,0,1,large
2011,2011,647149.2353798668,6873045.825110843,A0015,POINT (647149.2353798668 6873045.825110843),1.0,"0    141.681955
dtype: float64",5.0,"0    0.0
dtype: float64",118449.4,0.00956155030278229,4245.328334435337,16981.313337741347,1549544.8420688978,0,0,0,1,large
809,809,803660.799114182,6698949.316294058,A0006,POINT (803660.799114182 6698949.316294058),1.0,"0    35928.588392
dtype: float64",5.0,"0    35928.588392
dtype: float64",356928.98,0.028812255670275868,11993.10142275233,47972.40569100932,4377482.019304601,0,0,0,1,large
30,30,647532.5605015066,6859183.285022089,75000C01,POINT (647532.5605015066 6859183.285022089),1.0,"0    2281.162625
dtype: float64",5.0,"0    0.0
dtype: float64",0.0,0.0,0.0,0.0,0.0,1,0,0,0,not profitable
1114,1114,844793.890000001,6495073.158,A0007N,POINT (844793.890000001 6495073.158),1.0,"0    2641.449922
dtype: float64",5.0,"0    507.94949
dtype: float64",88524.21,0.007145909451031944,3660.904380297904,14643.617521191616,1336230.098808735,0,0,0,1,large
2428,2428,583382.9271273232,6458391.867835479,A0020,POINT (583382.9271273232 6458391.867835479),1.0,"0    2519.685714
dtype: float64",5.0,"0    2519.685714
dtype: float64",265363.5,0.021420846823811422,6202.732167242785,24810.92866897114,2263997.2410436166,0,0,0,1,large
2783,2783,745915.3742734365,6946980.6715771835,A0026,POINT (745915.3742734365 6946980.6715771835),1.0,"0    3913.23582
dtype: float64",5.0,"0    0.0
dtype: float64",156332.18,0.012619548963638615,5252.887256114574,21011.549024458294,1917303.8484818193,0,0,0,1,large
221,221,717708.1425821127,7013590.652456985,A0002,POINT (717708.1425821127 7013590.652456985),1.0,"0    3207.849619
dtype: float64",5.0,"0    3182.304597
dtype: float64",41867.89,0.003379687328989051,7502.905870355693,30011.623481422772,2738560.6426798278,0,0,0,1,large
2230,2230,713120.9027182799,6785682.724298848,A0019,POINT (713120.9027182799 6785682.724298848),1.0,"0    27826.239009
dtype: float64",5.0,"0    0.0
dtype: float64",26815.98,0.002164657158992818,3604.154169723042,14416.616678892167,1315516.2719489103,0,0,0,1,large
2024,2024,643898.5503787555,6875534.840855652,A0015,POINT (643898.5503787555 6875534.840855652),1.0,"0    2127.295449
dtype: float64",5.0,"0    0.0
dtype: float64",118449.4,0.00956155030278229,4245.328334435337,16981.313337741347,1549544.8420688978,0,0,0,1,large
1145,1145,911551.2180667742,6267784.4359807465,A0008,POINT (911551.2180667742 6267784.4359807465),1.0,"0    17398.599371
dtype: float64",5.0,"0    1147.301156
dtype: float64",159447.95,0.01287106219702688,6122.948159442787,24491.79263777115,2234876.0781966173,0,0,0,1,large
139,139,688279.3331180784,6975583.725701042,A0001,POINT (688279.3331180784 6975583.725701042),1.0,"0    8549.944231
dtype: float64",5.0,"0    7064.033596
dtype: float64",333120.37,0.02689036140863904,5267.347264162824,21069.389056651296,1922581.7514194308,0,0,0,1,large
515,515,1020077.5053885186,6859969.842160234,A0004,POINT (1020077.5053885186 6859969.842160234),1.0,"0    2408.558329
dtype: float64",5.0,"0    2408.558329
dtype: float64",489209.44,0.03949028588710416,6262.03104781223,25048.12419124892,2285641.332451464,0,0,0,1,large
355,355,761623.072413451,6904025.228499783,A0004,POINT (761623.072413451 6904025.228499783),1.0,"0    10288.484364
dtype: float64",5.0,"0    5439.368565
dtype: float64",489209.44,0.03949028588710416,6262.03104781223,25048.12419124892,2285641.332451464,0,0,0,1,large
2071,2071,635205.87469857,6918944.50293107,A0016,POINT (635205.87469857 6918944.50293107),1.0,"0    4642.407441
dtype: float64",5.0,"0    4642.407441
dtype: float64",42708.41,0.0034475363367551908,1435.0370001743481,5740.1480006973925,523788.50506363704,0,0,0,1,large
2472,2472,581498.510363184,6389990.38448779,A0020,POINT (581498.510363184 6389990.38448779),1.0,"0    61301.453665
dtype: float64",5.0,"0    15356.80927
dtype: float64",265363.5,0.021420846823811422,6202.732167242785,24810.92866897114,2263997.2410436166,0,0,0,1,large
81,81,665450.6253021392,6878798.069949308,A0001,POINT (665450.6253021392 6878798.069949308),1.0,"0    35.109012
dtype: float64",5.0,"0    0.0
dtype: float64",333120.37,0.02689036140863904,5267.347264162824,21069.389056651296,1922581.7514194308,0,0,0,1,large
1435,1435,614884.7948087059,6784227.021227813,A0010,POINT (614884.7948087059 6784227.021227813),1.0,"0    19485.522645
dtype: float64",5.0,"0    5133.335961
dtype: float64",381900.72,0.03082804087609372,4368.398983718812,17473.595934875248,1594465.6290573664,0,0,0,1,large
1360,1360,695159.5911309365,6194928.238696624,A0009,POINT (695159.5911309365 6194928.238696624),1.0,"0    18330.354898
dtype: float64",5.0,"0    7923.748113
dtype: float64",290811.36,0.023475065701139306,7817.19687847939,31268.78751391756,2853276.860644977,0,0,0,1,large
384,384,805303.5188424239,6882591.496508436,A0004,POINT (805303.5188424239 6882591.496508436),1.0,"0    7674.028904
dtype: float64",5.0,"0    6741.771599
dtype: float64",489209.44,0.03949028588710416,6262.03104781223,25048.12419124892,2285641.332451464,0,0,0,1,large
1946,1946,533415.5107772343,6921429.455301207,A0013,POINT (533415.5107772343 6921429.455301207),1.0,"0    15027.367408
dtype: float64",5.0,"0    7778.658394
dtype: float64",199619.88,0.016113847128439357,6707.388867212882,26829.55546885153,2448196.936532702,0,0,0,1,large
1054,1054,865659.9650479094,6299885.7191439085,A0007,POINT (865659.9650479094 6299885.7191439085),1.0,"0    3500.084301
dtype: float64",5.0,"0    3500.084301
dtype: float64",321874.2,0.025982540683767145,5967.024860478938,23868.09944191575,2177964.0740748122,0,0,0,1,large
3038,3038,500859.16863233387,6918478.0800758265,A0029,POINT (500859.16863233387 6918478.0800758265),1.0,"0    6486.981284
dtype: float64",5.0,"0    6486.981284
dtype: float64",69686.13,0.005625249578311297,5352.023170221891,21408.092680887563,1953488.4571309902,0,0,0,1,large
2426,2426,583183.5409006756,6459740.971190211,A0020,POINT (583183.5409006756 6459740.971190211),1.0,"0    3709.297617
dtype: float64",5.0,"0    3709.297617
dtype: float64",265363.5,0.021420846823811422,6202.732167242785,24810.92866897114,2263997.2410436166,0,0,0,1,large
1564,1564,480401.00850355235,6605136.730882913,A0010,POINT (480401.00850355235 6605136.730882913),1.0,"0    18042.455971
dtype: float64",5.0,"0    14041.955471
dtype: float64",381900.72,0.03082804087609372,4368.398983718812,17473.595934875248,1594465.6290573664,0,0,0,1,large
510,510,1010066.803006823,6862368.690635615,A0004,POINT (1010066.803006823 6862368.690635615),1.0,"0    12520.857887
dtype: float64",5.0,"0    11270.232306
dtype: float64",489209.44,0.03949028588710416,6262.03104781223,25048.12419124892,2285641.332451464,0,0,0,1,large
1581,1581,451606.93144624407,6590417.47884752,A0010,POINT (451606.93144624407 6590417.47884752),1.0,"0    15074.343497
dtype: float64",5.0,"0    6106.787214
dtype: float64",381900.72,0.03082804087609372,4368.398983718812,17473.595934875248,1594465.6290573664,0,0,0,1,large
2994,2994,506531.9399952757,6862817.816809328,A0028,POINT (506531.9399952757 6862817.816809328),1.0,"0    29780.171217
dtype: float64",5.0,"0    18688.698907
dtype: float64",73035.72,0.005895637383388373,3569.540452124233,14278.161808496932,1302882.2650253451,0,0,0,1,large
1331,1331,713769.5112257615,6240207.602677525,A0009,POINT (713769.5112257615 6240207.602677525),1.0,"0    15972.989308
dtype: float64",5.0,"0    6830.503688
dtype: float64",290811.36,0.023475065701139306,7817.19687847939,31268.78751391756,2853276.860644977,0,0,0,1,large
2516,2516,567175.2172790886,6322882.365374731,A0020,POINT (567175.2172790886 6322882.365374731),1.0,"0    166.582265
dtype: float64",5.0,"0    0.0
dtype: float64",265363.5,0.021420846823811422,6202.732167242785,24810.92866897114,2263997.2410436166,0,0,0,1,large
84,84,665966.608000003,6880317.604,A0001,POINT (665966.608000003 6880317.604),1.0,"0    1397.835304
dtype: float64",5.0,"0    0.0
dtype: float64",333120.37,0.02689036140863904,5267.347264162824,21069.389056651296,1922581.7514194308,0,0,0,1,large
935,935,842815.693000004,6512880.204,A0007,POINT (842815.693000004 6512880.204),1.0,"0    0.0
dtype: float64",5.0,"0    0.0
dtype: float64",321874.2,0.025982540683767145,5967.024860478938,23868.09944191575,2177964.0740748122,0,0,0,1,large
2436,2436,582078.6098291274,6446987.031038812,A0020,POINT (582078.6098291274 6446987.031038812),1.0,"0    4314.254584
dtype: float64",5.0,"0    4314.254584
dtype: float64",265363.5,0.021420846823811422,6202.732167242785,24810.92866897114,2263997.2410436166,0,0,0,1,large
842,842,841629.2798641105,6658251.043653605,A0006,POINT (841629.2798641105 6658251.043653605),1.0,"0    137.519237
dtype: float64",5.0,"0    137.519237
dtype: float64",356928.98,0.028812255670275868,11993.10142275233,47972.40569100932,4377482.019304601,0,0,0,1,large
693,693,656303.4461510315,6836997.603993046,A0006,POINT (656303.4461510315 6836997.603993046),1.0,"0    1236.162793
dtype: float64",5.0,"0    0.0
dtype: float64",356928.98,0.028812255670275868,11993.10142275233,47972.40569100932,4377482.019304601,0,0,0,1,large
1383,1383,687609.657914327,6153116.288251252,A0009,POINT (687609.657914327 6153116.288251252),1.0,"0    22369.913405
dtype: float64",5.0,"0    22369.913405
dtype: float64",290811.36,0.023475065701139306,7817.19687847939,31268.78751391756,2853276.860644977,0,0,0,1,large
2200,2200,633403.9267194311,7093615.784284826,A0016,POINT (633403.9267194311 7093615.784284826),1.0,"0    9662.847676
dtype: float64",5.0,"0    9631.033409
dtype: float64",42708.41,0.0034475363367551908,1435.0370001743481,5740.1480006973925,523788.50506363704,0,0,0,1,large
138,138,688115.3382368718,6974115.450322048,A0001,POINT (688115.3382368718 6974115.450322048),1.0,"0    7103.920811
dtype: float64",5.0,"0    6996.983479
dtype: float64",333120.37,0.02689036140863904,5267.347264162824,21069.389056651296,1922581.7514194308,0,0,0,1,large
157,157,690942.0539049591,7009895.06186685,A0001,POINT (690942.0539049591 7009895.06186685),1.0,"0    8593.656555
dtype: float64",5.0,"0    8223.363102
dtype: float64",333120.37,0.02689036140863904,5267.347264162824,21069.389056651296,1922581.7514194308,0,0,0,1,large
1706,1706,573443.1049673373,6801525.134333738,A0011,POINT (573443.1049673373 6801525.134333738),1.0,"0    17976.499234
dtype: float64",5.0,"0    12926.388313
dtype: float64",123877.44,0.009999716114559425,3917.535842527398,15670.143370109592,1429900.5825225003,0,0,0,1,large
2927,2927,498855.9675803012,6744460.216831722,A0028,POINT (498855.9675803012 6744460.216831722),1.0,"0    19745.588299
dtype: float64",5.0,"0    18933.016989
dtype: float64",73035.72,0.005895637383388373,3569.540452124233,14278.161808496932,1302882.2650253451,0,0,0,1,large
2387,2387,566672.2587404064,6527960.824010162,A0020,POINT (566672.2587404064 6527960.824010162),1.0,"0    1507.434246
dtype: float64",5.0,"0    316.76883
dtype: float64",265363.5,0.021420846823811422,6202.732167242785,24810.92866897114,2263997.2410436166,0,0,0,1,large
2488,2488,580417.2165737827,6361528.696523845,A0020,POINT (580417.2165737827 6361528.696523845),1.0,"0    39521.557453
dtype: float64",5.0,"0    12950.455024
dtype: float64",265363.5,0.021420846823811422,6202.732167242785,24810.92866897114,2263997.2410436166,0,0,0,1,large
2033,2033,636821.0800436857,6880552.838118715,A0015,POINT (636821.0800436857 6880552.838118715),1.0,"0    823.057493
dtype: float64",5.0,"0    0.0
dtype: float64",118449.4,0.00956155030278229,4245.328334435337,16981.313337741347,1549544.8420688978,0,0,0,1,large
2029,2029,639144.3062780716,6878536.589078928,A0015,POINT (639144.3062780716 6878536.589078928),1.0,"0    248.329487
dtype: float64",5.0,"0    0.0
dtype: float64",118449.4,0.00956155030278229,4245.328334435337,16981.313337741347,1549544.8420688978,0,0,0,1,large
892,892,836524.773000002,6565504.371,A0006,POINT (836524.773000002 6565504.371),1.0,"0    6764.296205
dtype: float64",5.0,"0    631.464646
dtype: float64",356928.98,0.028812255670275868,11993.10142275233,47972.40569100932,4377482.019304601,0,0,0,1,large
1628,1628,417084.89700780454,6512489.6039977735,A0010,POINT (417084.89700780454 6512489.6039977735),1.0,"0    23934.555353
dtype: float64",5.0,"0    9443.444918
dtype: float64",381900.72,0.03082804087609372,4368.398983718812,17473.595934875248,1594465.6290573664,0,0,0,1,large
1286,1286,788407.9109963042,6289259.687126524,A0009,POINT (788407.9109963042 6289259.687126524),1.0,"0    7434.194507
dtype: float64",5.0,"0    1720.182925
dtype: float64",290811.36,0.023475065701139306,7817.19687847939,31268.78751391756,2853276.860644977,0,0,0,1,large
2076,2076,638471.6656901133,6927714.615653936,A0016,POINT (638471.6656901133 6927714.615653936),1.0,"0    2868.901869
dtype: float64",5.0,"0    2868.901869
dtype: float64",42708.41,0.0034475363367551908,1435.0370001743481,5740.1480006973925,523788.50506363704,0,0,0,1,large
2008,2008,648602.788000003,6871080.853,A0015,POINT (648602.788000003 6871080.853),1.0,"0    0.0
dtype: float64",5.0,"0    0.0
dtype: float64",118449.4,0.00956155030278229,4245.328334435337,16981.313337741347,1549544.8420688978,0,0,0,1,large
1258,1258,830000.5053721601,6317862.729670524,A0009,POINT (830000.5053721601 6317862.729670524),1.0,"0    17432.342793
dtype: float64",5.0,"0    14267.791538
dtype: float64",290811.36,0.023475065701139306,7817.19687847939,31268.78751391756,2853276.860644977,0,0,0,1,large
2630,2630,703951.8168620608,7057794.145833861,A0025,POINT (703951.8168620608 7057794.145833861),1.0,"0    2588.384919
dtype: float64",5.0,"0    0.0
dtype: float64",0.0,0.0,0.0,0.0,0.0,1,0,0,0,not profitable
1176,1176,970314.6355770391,6260898.838787425,A0008,POINT (970314.6355770391 6260898.838787425),1.0,"0    69337.586656
dtype: float64",5.0,"0    13677.75309
dtype: float64",159447.95,0.01287106219702688,6122.948159442787,24491.79263777115,2234876.0781966173,0,0,0,1,large
1001,1001,843791.9685443535,6386543.355847243,A0007,POINT (843791.9685443535 6386543.355847243),1.0,"0    4923.109819
dtype: float64",5.0,"0    4917.023077
dtype: float64",321874.2,0.025982540683767145,5967.024860478938,23868.09944191575,2177964.0740748122,0,0,0,1,large
1394,1394,640670.6404063521,6841418.490264531,A0010,POINT (640670.6404063521 6841418.490264531),1.0,"0    11.730698
dtype: float64",5.0,"0    0.0
dtype: float64",381900.72,0.03082804087609372,4368.398983718812,17473.595934875248,1594465.6290573664,0,0,0,1,large
278,278,660880.8801046306,6858644.469472066,A0004,POINT (660880.8801046306 6858644.469472066),1.0,"0    1854.46458
dtype: float64",5.0,"0    0.0
dtype: float64",489209.44,0.03949028588710416,6262.03104781223,25048.12419124892,2285641.332451464,0,0,0,1,large
2924,2924,500789.99947852077,6739093.8648568075,A0028,POINT (500789.99947852077 6739093.8648568075),1.0,"0    25431.024385
dtype: float64",5.0,"0    24510.46369
dtype: float64",73035.72,0.005895637383388373,3569.540452124233,14278.161808496932,1302882.2650253451,0,0,0,1,large
1515,1515,522980.64533391554,6684528.8681512205,A0010,POINT (522980.64533391554 6684528.8681512205),1.0,"0    8695.529605
dtype: float64",5.0,"0    3238.50189
dtype: float64",381900.72,0.03082804087609372,4368.398983718812,17473.595934875248,1594465.6290573664,0,0,0,1,large
564,564,699918.2830905643,6809236.106883442,A0005,POINT (699918.2830905643 6809236.106883442),1.0,"0    1535.599018
dtype: float64",5.0,"0    213.802408
dtype: float64",52949.71,0.0042742412851625635,2372.2039132652226,9488.81565306089,865854.4283418063,0,0,0,1,large
713,713,669009.01466248,6806250.876726213,A0006,POINT (669009.01466248 6806250.876726213),1.0,"0    14963.990242
dtype: float64",5.0,"0    11035.911726
dtype: float64",356928.98,0.028812255670275868,11993.10142275233,47972.40569100932,4377482.019304601,0,0,0,1,large
346,346,750798.737999998,6894780.162,A0004,POINT (750798.737999998 6894780.162),1.0,"0    21461.707466
dtype: float64",5.0,"0    19433.793813
dtype: float64",489209.44,0.03949028588710416,6262.03104781223,25048.12419124892,2285641.332451464,0,0,0,1,large
1116,1116,843664.1414956561,6491196.130590545,A0007N,POINT (843664.1414956561 6491196.130590545),1.0,"0    5123.681035
dtype: float64",5.0,"0    4141.973678
dtype: float64",88524.21,0.007145909451031944,3660.904380297904,14643.617521191616,1336230.098808735,0,0,0,1,large
923,923,651655.313623106,6855842.891909142,A0006A,POINT (651655.313623106 6855842.891909142),1.0,"0    1260.521452
dtype: float64",5.0,"0    0.0
dtype: float64",0.0,0.0,0.0,0.0,0.0,1,0,0,0,not profitable
725,725,684921.0128538772,6789348.078289336,A0006,POINT (684921.0128538772 6789348.078289336),1.0,"0    21159.0355
dtype: float64",5.0,"0    7246.120656
dtype: float64",356928.98,0.028812255670275868,11993.10142275233,47972.40569100932,4377482.019304601,0,0,0,1,large
2707,2707,678399.4344730855,7040020.4462322835,A0026,POINT (678399.4344730855 7040020.4462322835),1.0,"0    3195.145955
dtype: float64",5.0,"0    3195.145955
dtype: float64",156332.18,0.012619548963638615,5252.887256114574,21011.549024458294,1917303.8484818193,0,0,0,1,large
1639,1639,417197.2330745407,6492372.277602306,A0010,POINT (417197.2330745407 6492372.277602306),1.0,"0    32948.189386
dtype: float64",5.0,"0    27682.607391
dtype: float64",381900.72,0.03082804087609372,4368.398983718812,17473.595934875248,1594465.6290573664,0,0,0,1,large
787,787,769500.8151287055,6720829.890477199,A0006,POINT (769500.8151287055 6720829.890477199),1.0,"0    9147.394745
dtype: float64",5.0,"0    9147.394745
dtype: float64",356928.98,0.028812255670275868,11993.10142275233,47972.40569100932,4377482.019304601,0,0,0,1,large
1404,1404,627091.0897324786,6831492.773443862,A0010,POINT (627091.0897324786 6831492.773443862),1.0,"0    16171.468631
dtype: float64",5.0,"0    11183.931337
dtype: float64",381900.72,0.03082804087609372,4368.398983718812,17473.595934875248,1594465.6290573664,0,0,0,1,large
2479,2479,580771.4483808988,6377201.261368555,A0020,POINT (580771.4483808988 6377201.261368555),1.0,"0    54765.62218
dtype: float64",5.0,"0    6581.986535
dtype: float64",265363.5,0.021420846823811422,6202.732167242785,24810.92866897114,2263997.2410436166,0,0,0,1,large
442,442,915239.8639540258,6904500.376718253,A0004,POINT (915239.8639540258 6904500.376718253),1.0,"0    14752.0826
dtype: float64",5.0,"0    1055.796445
dtype: float64",489209.44,0.03949028588710416,6262.03104781223,25048.12419124892,2285641.332451464,0,0,0,1,large
1979,1979,475651.5744362521,6907598.850509975,A0013,POINT (475651.5744362521 6907598.850509975),1.0,"0    15053.02261
dtype: float64",5.0,"0    13061.508959
dtype: float64",199619.88,0.016113847128439357,6707.388867212882,26829.55546885153,2448196.936532702,0,0,0,1,large
2465,2465,586959.9984591533,6400938.437600689,A0020,POINT (586959.9984591533 6400938.437600689),1.0,"0    50618.129992
dtype: float64",5.0,"0    27575.871928
dtype: float64",265363.5,0.021420846823811422,6202.732167242785,24810.92866897114,2263997.2410436166,0,0,0,1,large
1742,1742,506422.41971377376,6776864.661150263,A0011,POINT (506422.41971377376 6776864.661150263),1.0,"0    16410.701251
dtype: float64",5.0,"0    10062.658636
dtype: float64",123877.44,0.009999716114559425,3917.535842527398,15670.143370109592,1429900.5825225003,0,0,0,1,large
865,865,843409.9683855639,6614000.597749935,A0006,POINT (843409.9683855639 6614000.597749935),1.0,"0    14072.889225
dtype: float64",5.0,"0    12118.42215
dtype: float64",356928.98,0.028812255670275868,11993.10142275233,47972.40569100932,4377482.019304601,0,0,0,1,large
654,654,844242.2863201145,6775526.123989689,A0005,POINT (844242.2863201145 6775526.123989689),1.0,"0    62267.92685
dtype: float64",5.0,"0    62267.92685
dtype: float64",52949.71,0.0042742412851625635,2372.2039132652226,9488.81565306089,865854.4283418063,0,0,0,1,large
2857,2857,786700.6042956865,6794936.050335261,A0026,POINT (786700.6042956865 6794936.050335261),1.0,"0    3484.462242
dtype: float64",5.0,"0    3484.462242
dtype: float64",156332.18,0.012619548963638615,5252.887256114574,21011.549024458294,1917303.8484818193,0,0,0,1,large
754,754,724824.2238095924,6756711.303773546,A0006,POINT (724824.2238095924 6756711.303773546),1.0,"0    14671.352577
dtype: float64",5.0,"0    9339.58319
dtype: float64",356928.98,0.028812255670275868,11993.10142275233,47972.40569100932,4377482.019304601,0,0,0,1,large
3075,3075,550243.9460585888,6953543.044598498,A0029,POINT (550243.9460585888 6953543.044598498),1.0,"0    19733.588025
dtype: float64",5.0,"0    16740.117616
dtype: float64",69686.13,0.005625249578311297,5352.023170221891,21408.092680887563,1953488.4571309902,0,0,0,1,large
1230,1230,1042860.4414976463,6301570.515433095,A0008,POINT (1042860.4414976463 6301570.515433095),1.0,"0    5943.05686
dtype: float64",5.0,"0    2644.669004
dtype: float64",159447.95,0.01287106219702688,6122.948159442787,24491.79263777115,2234876.0781966173,0,0,0,1,large
1106,1106,840302.409000002,6500067.279,A0007N,POINT (840302.409000002 6500067.279),1.0,"0    957.030007
dtype: float64",5.0,"0    0.0
dtype: float64",88524.21,0.007145909451031944,3660.904380297904,14643.617521191616,1336230.098808735,0,0,0,1,large
420,420,874225.975587174,6893639.120513921,A0004,POINT (874225.975587174 6893639.120513921),1.0,"0    5249.81302
dtype: float64",5.0,"0    4657.919234
dtype: float64",489209.44,0.03949028588710416,6262.03104781223,25048.12419124892,2285641.332451464,0,0,0,1,large
1462,1462,593879.8458524756,6742598.448101112,A0010,POINT (593879.8458524756 6742598.448101112),1.0,"0    7385.984325
dtype: float64",5.0,"0    7385.984325
dtype: float64",381900.72,0.03082804087609372,4368.398983718812,17473.595934875248,1594465.6290573664,0,0,0,1,large
1112,1112,844044.5440037725,6495429.957958491,A0007N,POINT (844044.5440037725 6495429.957958491),1.0,"0    1811.769353
dtype: float64",5.0,"0    554.112122
dtype: float64",88524.21,0.007145909451031944,3660.904380297904,14643.617521191616,1336230.098808735,0,0,0,1,large
1647,1647,420545.184,6476593.464,A0010,POINT (420545.184 6476593.464),1.0,"0    43360.610578
dtype: float64",5.0,"0    34442.878837
dtype: float64",381900.72,0.03082804087609372,4368.398983718812,17473.595934875248,1594465.6290573664,0,0,0,1,large
38,38,654064.5719073935,6866922.205298667,75000C02,POINT (654064.5719073935 6866922.205298667),1.0,"0    0.0
dtype: float64",5.0,"0    0.0
dtype: float64",0.0,0.0,0.0,0.0,0.0,1,0,0,0,not profitable
1035,1035,851281.7045500714,6329812.824994173,A0007,POINT (851281.7045500714 6329812.824994173),1.0,"0    2963.253325
dtype: float64",5.0,"0    2937.408192
dtype: float64",321874.2,0.025982540683767145,5967.024860478938,23868.09944191575,2177964.0740748122,0,0,0,1,large
164,164,692272.5289305022,7023133.9681341695,A0001,POINT (692272.5289305022 7023133.9681341695),1.0,"0    3547.439482
dtype: float64",5.0,"0    2580.347716
dtype: float64",333120.37,0.02689036140863904,5267.347264162824,21069.389056651296,1922581.7514194308,0,0,0,1,large
2142,2142,607141.6072735885,7031406.207659215,A0016,POINT (607141.6072735885 7031406.207659215),1.0,"0    37901.400066
dtype: float64",5.0,"0    17478.900228
dtype: float64",42708.41,0.0034475363367551908,1435.0370001743481,5740.1480006973925,523788.50506363704,0,0,0,1,large
1480,1480,564507.5733624343,6725548.776664356,A0010,POINT (564507.5733624343 6725548.776664356),1.0,"0    6865.821022
dtype: float64",5.0,"0    6865.821022
dtype: float64",381900.72,0.03082804087609372,4368.398983718812,17473.595934875248,1594465.6290573664,0,0,0,1,large
2426,2426,583183.5409006756,6459740.971190211,A0020,POINT (583183.5409006756 6459740.971190211),1.0,"0    3709.297617
dtype: float64",5.0,"0    3709.297617
dtype: float64",265363.5,0.021420846823811422,6202.732167242785,24810.92866897114,2263997.2410436166,0,0,0,1,large
1534,1534,511585.5192851098,6648368.926235876,A0010,POINT (511585.5192851098 6648368.926235876),1.0,"0    33867.976945
dtype: float64",5.0,"0    4082.563788
dtype: float64",381900.72,0.03082804087609372,4368.398983718812,17473.595934875248,1594465.6290573664,0,0,0,1,large
1584,1584,446277.9709373175,6588129.728689093,A0010,POINT (446277.9709373175 6588129.728689093),1.0,"0    9853.012591
dtype: float64",5.0,"0    579.570939
dtype: float64",381900.72,0.03082804087609372,4368.398983718812,17473.595934875248,1594465.6290573664,0,0,0,1,large
1441,1441,614490.6249185201,6776622.800621838,A0010,POINT (614490.6249185201 6776622.800621838),1.0,"0    11878.441541
dtype: float64",5.0,"0    139.529287
dtype: float64",381900.72,0.03082804087609372,4368.398983718812,17473.595934875248,1594465.6290573664,0,0,0,1,large
506,506,1003852.997,6867371.386,A0004,POINT (1003852.997 6867371.386),1.0,"0    20180.362771
dtype: float64",5.0,"0    11075.075847
dtype: float64",489209.44,0.03949028588710416,6262.03104781223,25048.12419124892,2285641.332451464,0,0,0,1,large
254,254,661115.5417524452,6866753.887890132,A0003,POINT (661115.5417524452 6866753.887890132),1.0,"0    0.0
dtype: float64",5.0,"0    0.0
dtype: float64",45981.93,0.0037117835693048183,24720.47857157009,98881.91428628036,9022974.678623082,0,0,0,1,large
540,540,1048174.058959742,6845654.167105807,A0004,POINT (1048174.058959742 6845654.167105807),1.0,"0    1099.926783
dtype: float64",5.0,"0    0.0
dtype: float64",489209.44,0.03949028588710416,6262.03104781223,25048.12419124892,2285641.332451464,0,0,0,1,large
70,70,658432.5437321948,6871533.441964389,A0001,POINT (658432.5437321948 6871533.441964389),1.0,"0    0.0
dtype: float64",5.0,"0    0.0
dtype: float64",333120.37,0.02689036140863904,5267.347264162824,21069.389056651296,1922581.7514194308,0,0,0,1,large
1218,1218,1033254.9410888341,6291173.256679586,A0008,POINT (1033254.9410888341 6291173.256679586),1.0,"0    15197.472044
dtype: float64",5.0,"0    1512.880822
dtype: float64",159447.95,0.01287106219702688,6122.948159442787,24491.79263777115,2234876.0781966173,0,0,0,1,large
2336,2336,586171.9454702609,6604261.2142455885,A0020,POINT (586171.9454702609 6604261.2142455885),1.0,"0    34293.263447
dtype: float64",5.0,"0    32007.679463
dtype: float64",265363.5,0.021420846823811422,6202.732167242785,24810.92866897114,2263997.2410436166,0,0,0,1,large
965,965,847950.8864661278,6455105.434997758,A0007,POINT (847950.8864661278 6455105.434997758),1.0,"0    11786.038671
dtype: float64",5.0,"0    6527.952283
dtype: float64",321874.2,0.025982540683767145,5967.024860478938,23868.09944191575,2177964.0740748122,0,0,0,1,large
2044,2044,633185.3389954441,6882516.464165858,A0015,POINT (633185.3389954441 6882516.464165858),1.0,"0    1266.165141
dtype: float64",5.0,"0    0.0
dtype: float64",118449.4,0.00956155030278229,4245.328334435337,16981.313337741347,1549544.8420688978,0,0,0,1,large
1503,1503,528157.7462863321,6703326.678970419,A0010,POINT (528157.7462863321 6703326.678970419),1.0,"0    2961.596483
dtype: float64",5.0,"0    0.0
dtype: float64",381900.72,0.03082804087609372,4368.398983718812,17473.595934875248,1594465.6290573664,0,0,0,1,large
1375,1375,687880.2624841613,6167633.298745889,A0009,POINT (687880.2624841613 6167633.298745889),1.0,"0    7850.820318
dtype: float64",5.0,"0    7850.820318
dtype: float64",290811.36,0.023475065701139306,7817.19687847939,31268.78751391756,2853276.860644977,0,0,0,1,large
1990,1990,643298.0039697275,6866452.403569332,A0014,POINT (643298.0039697275 6866452.403569332),1.0,"0    1874.402177
dtype: float64",5.0,"0    0.0
dtype: float64",6620.95,0.0005344606766873147,1186.5027022458387,4746.010808983355,433073.4863197311,0,0,0,1,large
395,395,825463.6847522024,6886106.303406196,A0004,POINT (825463.6847522024 6886106.303406196),1.0,"0    27997.386177
dtype: float64",5.0,"0    26447.378477
dtype: float64",489209.44,0.03949028588710416,6262.03104781223,25048.12419124892,2285641.332451464,0,0,0,1,large
1843,1843,357741.3769037043,6695948.233904873,A0011,POINT (357741.3769037043 6695948.233904873),1.0,"0    1739.360011
dtype: float64",5.0,"0    0.0
dtype: float64",123877.44,0.009999716114559425,3917.535842527398,15670.143370109592,1429900.5825225003,0,0,0,1,large
17,17,648575.7134745924,6865817.073042674,75000C01,POINT (648575.7134745924 6865817.073042674),1.0,"0    844.961205
dtype: float64",5.0,"0    0.0
dtype: float64",0.0,0.0,0.0,0.0,0.0,1,0,0,0,not profitable
2439,2439,582435.7088568957,6441784.058139674,A0020,POINT (582435.7088568957 6441784.058139674),1.0,"0    9529.467587
dtype: float64",5.0,"0    9529.467587
dtype: float64",265363.5,0.021420846823811422,6202.732167242785,24810.92866897114,2263997.2410436166,0,0,0,1,large
1890,1890,618017.5655478317,6875106.972732157,A0013,POINT (618017.5655478317 6875106.972732157),1.0,"0    2005.237184
dtype: float64",5.0,"0    426.432008
dtype: float64",199619.88,0.016113847128439357,6707.388867212882,26829.55546885153,2448196.936532702,0,0,0,1,large
1082,1082,884461.1543354183,6260083.66435558,A0007,POINT (884461.1543354183 6260083.66435558),1.0,"0    1028.767603
dtype: float64",5.0,"0    0.0
dtype: float64",321874.2,0.025982540683767145,5967.024860478938,23868.09944191575,2177964.0740748122,0,0,0,1,large
2212,2212,653737.4751243653,7101963.209387738,A0016,POINT (653737.4751243653 7101963.209387738),1.0,"0    0.0
dtype: float64",5.0,"0    0.0
dtype: float64",42708.41,0.0034475363367551908,1435.0370001743481,5740.1480006973925,523788.50506363704,0,0,0,1,large
1392,1392,640733.527000003,6841509.722,A0010,POINT (640733.527000003 6841509.722),1.0,"0    0.0
dtype: float64",5.0,"0    0.0
dtype: float64",381900.72,0.03082804087609372,4368.398983718812,17473.595934875248,1594465.6290573664,0,0,0,1,large
431,431,895055.3090625413,6895757.223352727,A0004,POINT (895055.3090625413 6895757.223352727),1.0,"0    21881.396273
dtype: float64",5.0,"0    21881.396273
dtype: float64",489209.44,0.03949028588710416,6262.03104781223,25048.12419124892,2285641.332451464,0,0,0,1,large
2056,2056,643793.2578892672,6896782.7230306715,A0016,POINT (643793.2578892672 6896782.7230306715),1.0,"0    7530.523853
dtype: float64",5.0,"0    1856.278779
dtype: float64",42708.41,0.0034475363367551908,1435.0370001743481,5740.1480006973925,523788.50506363704,0,0,0,1,large
162,162,690643.3864711503,7019124.534796845,A0001,POINT (690643.3864711503 7019124.534796845),1.0,"0    211.574279
dtype: float64",5.0,"0    211.574279
dtype: float64",333120.37,0.02689036140863904,5267.347264162824,21069.389056651296,1922581.7514194308,0,0,0,1,large
1217,1217,1032859.4946238671,6290324.1838594,A0008,POINT (1032859.4946238671 6290324.1838594),1.0,"0    16130.413957
dtype: float64",5.0,"0    902.816102
dtype: float64",159447.95,0.01287106219702688,6122.948159442787,24491.79263777115,2234876.0781966173,0,0,0,1,large
3076,3076,551897.9826633213,6952568.3744587805,A0029,POINT (551897.9826633213 6952568.3744587805),1.0,"0    18208.076529
dtype: float64",5.0,"0    15023.775536
dtype: float64",69686.13,0.005625249578311297,5352.023170221891,21408.092680887563,1953488.4571309902,0,0,0,1,large
127,127,683561.2073209739,6953773.837580778,A0001,POINT (683561.2073209739 6953773.837580778),1.0,"0    131.816127
dtype: float64",5.0,"0    131.816127
dtype: float64",333120.37,0.02689036140863904,5267.347264162824,21069.389056651296,1922581.7514194308,0,0,0,1,large
1089,1089,886287.6576067692,6258873.737923687,A0007,POINT (886287.6576067692 6258873.737923687),1.0,"0    3175.055862
dtype: float64",5.0,"0    0.0
dtype: float64",321874.2,0.025982540683767145,5967.024860478938,23868.09944191575,2177964.0740748122,0,0,0,1,large
1501,1501,530124.1069855317,6707960.394073553,A0010,POINT (530124.1069855317 6707960.394073553),1.0,"0    688.320836
dtype: float64",5.0,"0    0.0
dtype: float64",381900.72,0.03082804087609372,4368.398983718812,17473.595934875248,1594465.6290573664,0,0,0,1,large
2225,2225,719289.7734408865,6793381.913246273,A0019,POINT (719289.7734408865 6793381.913246273),1.0,"0    26280.133489
dtype: float64",5.0,"0    2799.513568
dtype: float64",26815.98,0.002164657158992818,3604.154169723042,14416.616678892167,1315516.2719489103,0,0,0,1,large
1091,1091,887805.6124807174,6258924.959440932,A0007,POINT (887805.6124807174 6258924.959440932),1.0,"0    4563.772912
dtype: float64",5.0,"0    0.0
dtype: float64",321874.2,0.025982540683767145,5967.024860478938,23868.09944191575,2177964.0740748122,0,0,0,1,large
1889,1889,620060.468000002,6875041.606,A0013,POINT (620060.468000002 6875041.606),1.0,"0    1138.931691
dtype: float64",5.0,"0    1137.631556
dtype: float64",199619.88,0.016113847128439357,6707.388867212882,26829.55546885153,2448196.936532702,0,0,0,1,large
732,732,696143.5953155287,6781238.947820154,A0006,POINT (696143.5953155287 6781238.947820154),1.0,"0    20777.222905
dtype: float64",5.0,"0    14814.90281
dtype: float64",356928.98,0.028812255670275868,11993.10142275233,47972.40569100932,4377482.019304601,0,0,0,1,large
1474,1474,575765.0184529044,6726189.090279246,A0010,POINT (575765.0184529044 6726189.090279246),1.0,"0    969.836535
dtype: float64",5.0,"0    0.0
dtype: float64",381900.72,0.03082804087609372,4368.398983718812,17473.595934875248,1594465.6290573664,0,0,0,1,large
2041,2041,634687.0512516289,6881854.599873625,A0015,POINT (634687.0512516289 6881854.599873625),1.0,"0    247.097361
dtype: float64",5.0,"0    0.0
dtype: float64",118449.4,0.00956155030278229,4245.328334435337,16981.313337741347,1549544.8420688978,0,0,0,1,large
2785,2785,748723.2551940482,6944202.25749497,A0026,POINT (748723.2551940482 6944202.25749497),1.0,"0    1996.360387
dtype: float64",5.0,"0    602.061272
dtype: float64",156332.18,0.012619548963638615,5252.887256114574,21011.549024458294,1917303.8484818193,0,0,0,1,large
1117,1117,843590.3385403227,6490872.701259093,A0007N,POINT (843590.3385403227 6490872.701259093),1.0,"0    5420.591331
dtype: float64",5.0,"0    3822.400965
dtype: float64",88524.21,0.007145909451031944,3660.904380297904,14643.617521191616,1336230.098808735,0,0,0,1,large
1713,1713,561167.2152231772,6796667.417587122,A0011,POINT (561167.2152231772 6796667.417587122),1.0,"0    24745.903601
dtype: float64",5.0,"0    24745.903601
dtype: float64",123877.44,0.009999716114559425,3917.535842527398,15670.143370109592,1429900.5825225003,0,0,0,1,large
1859,1859,645219.4506637927,6861209.653190985,A0013,POINT (645219.4506637927 6861209.653190985),1.0,"0    5308.365342
dtype: float64",5.0,"0    0.0
dtype: float64",199619.88,0.016113847128439357,6707.388867212882,26829.55546885153,2448196.936532702,0,0,0,1,large
1661,1661,426026.24720454233,6453373.251254677,A0010,POINT (426026.24720454233 6453373.251254677),1.0,"0    21849.7254
dtype: float64",5.0,"0    13380.951349
dtype: float64",381900.72,0.03082804087609372,4368.398983718812,17473.595934875248,1594465.6290573664,0,0,0,1,large
1898,1898,601610.3135689867,6877374.929012362,A0013,POINT (601610.3135689867 6877374.929012362),1.0,"0    6802.00066
dtype: float64",5.0,"0    162.773208
dtype: float64",199619.88,0.016113847128439357,6707.388867212882,26829.55546885153,2448196.936532702,0,0,0,1,large
755,755,726464.8195898996,6755631.666122713,A0006,POINT (726464.8195898996 6755631.666122713),1.0,"0    13633.655046
dtype: float64",5.0,"0    10553.851154
dtype: float64",356928.98,0.028812255670275868,11993.10142275233,47972.40569100932,4377482.019304601,0,0,0,1,large
2424,2424,584084.6697031956,6461876.957312287,A0020,POINT (584084.6697031956 6461876.957312287),1.0,"0    6014.825423
dtype: float64",5.0,"0    6014.825423
dtype: float64",265363.5,0.021420846823811422,6202.732167242785,24810.92866897114,2263997.2410436166,0,0,0,1,large
2018,2018,645634.1370337299,6874287.95950809,A0015,POINT (645634.1370337299 6874287.95950809),1.0,"0    825.146862
dtype: float64",5.0,"0    0.0
dtype: float64",118449.4,0.00956155030278229,4245.328334435337,16981.313337741347,1549544.8420688978,0,0,0,1,large
552,552,684887.8517707426,6826591.328191748,A0005,POINT (684887.8517707426 6826591.328191748),1.0,"0    7647.154903
dtype: float64",5.0,"0    7647.154903
dtype: float64",52949.71,0.0042742412851625635,2372.2039132652226,9488.81565306089,865854.4283418063,0,0,0,1,large
209,209,703387.5711853307,6999243.841993241,A0002,POINT (703387.5711853307 6999243.841993241),1.0,"0    16070.971309
dtype: float64",5.0,"0    14927.813588
dtype: float64",41867.89,0.003379687328989051,7502.905870355693,30011.623481422772,2738560.6426798278,0,0,0,1,large
2660,2660,666921.523873582,7085988.539057856,A0025,POINT (666921.523873582 7085988.539057856),1.0,"0    19490.557159
dtype: float64",5.0,"0    3427.594791
dtype: float64",0.0,0.0,0.0,0.0,0.0,1,0,0,0,not profitable
623,623,794479.1268974866,6788893.993632485,A0005,POINT (794479.1268974866 6788893.993632485),1.0,"0    10748.83926
dtype: float64",5.0,"0    10748.83926
dtype: float64",52949.71,0.0042742412851625635,2372.2039132652226,9488.81565306089,865854.4283418063,0,0,0,1,large
3082,3082,563341.4568005397,6949898.606776701,A0029,POINT (563341.4568005397 6949898.606776701),1.0,"0    15290.080246
dtype: float64",5.0,"0    10804.003639
dtype: float64",69686.13,0.005625249578311297,5352.023170221891,21408.092680887563,1953488.4571309902,0,0,0,1,large
2848,2848,784805.827,6813178.367,A0026,POINT (784805.827 6813178.367),1.0,"0    11795.423283
dtype: float64",5.0,"0    10075.688432
dtype: float64",156332.18,0.012619548963638615,5252.887256114574,21011.549024458294,1917303.8484818193,0,0,0,1,large
1851,1851,632247.2875198044,6858942.908645648,A0012,POINT (632247.2875198044 6858942.908645648),1.0,"0    7875.01745
dtype: float64",5.0,"0    6675.7765
dtype: float64",49711.95,0.004012880694831702,6681.446356894783,26725.785427579132,2438727.9202665957,0,0,0,1,large
450,450,926209.2814160872,6904549.317818312,A0004,POINT (926209.2814160872 6904549.317818312),1.0,"0    4308.952955
dtype: float64",5.0,"0    2191.630188
dtype: float64",489209.44,0.03949028588710416,6262.03104781223,25048.12419124892,2285641.332451464,0,0,0,1,large
2073,2073,636395.8349431148,6922603.072385728,A0016,POINT (636395.8349431148 6922603.072385728),1.0,"0    981.791341
dtype: float64",5.0,"0    981.791341
dtype: float64",42708.41,0.0034475363367551908,1435.0370001743481,5740.1480006973925,523788.50506363704,0,0,0,1,large
340,340,738448.9517231111,6891709.5103195,A0004,POINT (738448.9517231111 6891709.5103195),1.0,"0    11274.096116
dtype: float64",5.0,"0    11241.40729
dtype: float64",489209.44,0.03949028588710416,6262.03104781223,25048.12419124892,2285641.332451464,0,0,0,1,large
345,345,748579.2867728351,6894574.792127407,A0004,POINT (748579.2867728351 6894574.792127407),1.0,"0    21692.360941
dtype: float64",5.0,"0    21368.395617
dtype: float64",489209.44,0.03949028588710416,6262.03104781223,25048.12419124892,2285641.332451464,0,0,0,1,large
137,137,687952.3902476123,6972647.102839569,A0001,POINT (687952.3902476123 6972647.102839569),1.0,"0    5674.427296
dtype: float64",5.0,"0    5521.759087
dtype: float64",333120.37,0.02689036140863904,5267.347264162824,21069.389056651296,1922581.7514194308,0,0,0,1,large
1320,1320,733720.8014496207,6253169.834724544,A0009,POINT (733720.8014496207 6253169.834724544),1.0,"0    23018.89394
dtype: float64",5.0,"0    11116.248799
dtype: float64",290811.36,0.023475065701139306,7817.19687847939,31268.78751391756,2853276.860644977,0,0,0,1,large
1594,1594,433046.66278133664,6573555.916527963,A0010,POINT (433046.66278133664 6573555.916527963),1.0,"0    9904.443008
dtype: float64",5.0,"0    6586.34324
dtype: float64",381900.72,0.03082804087609372,4368.398983718812,17473.595934875248,1594465.6290573664,0,0,0,1,large
1240,1240,1057885.1137816834,6305793.116928529,A0008,POINT (1057885.1137816834 6305793.116928529),1.0,"0    18906.59314
dtype: float64",5.0,"0    9810.476928
dtype: float64",159447.95,0.01287106219702688,6122.948159442787,24491.79263777115,2234876.0781966173,0,0,0,1,large
462,462,937326.8208703655,6897163.616041425,A0004,POINT (937326.8208703655 6897163.616041425),1.0,"0    4850.935234
dtype: float64",5.0,"0    0.0
dtype: float64",489209.44,0.03949028588710416,6262.03104781223,25048.12419124892,2285641.332451464,0,0,0,1,large
451,451,928029.3388838444,6905343.845105607,A0004,POINT (928029.3388838444 6905343.845105607),1.0,"0    3629.772897
dtype: float64",5.0,"0    577.216874
dtype: float64",489209.44,0.03949028588710416,6262.03104781223,25048.12419124892,2285641.332451464,0,0,0,1,large
1909,1909,584745.8319644552,6885977.020605594,A0013,POINT (584745.8319644552 6885977.020605594),1.0,"0    12350.558929
dtype: float64",5.0,"0    4818.578703
dtype: float64",199619.88,0.016113847128439357,6707.388867212882,26829.55546885153,2448196.936532702,0,0,0,1,large
1445,1445,614158.4614772283,6767715.222693562,A0010,POINT (614158.4614772283 6767715.222693562),1.0,"0    2995.65653
dtype: float64",5.0,"0    2995.65653
dtype: float64",381900.72,0.03082804087609372,4368.398983718812,17473.595934875248,1594465.6290573664,0,0,0,1,large
1705,1705,575006.6337821403,6802604.386384474,A0011,POINT (575006.6337821403 6802604.386384474),1.0,"0    16152.121776
dtype: float64",5.0,"0    11190.325991
dtype: float64",123877.44,0.009999716114559425,3917.535842527398,15670.143370109592,1429900.5825225003,0,0,0,1,large
500,500,1001385.9995498765,6878103.358729568,A0004,POINT (1001385.9995498765 6878103.358729568),1.0,"0    28399.112115
dtype: float64",5.0,"0    13877.69987
dtype: float64",489209.44,0.03949028588710416,6262.03104781223,25048.12419124892,2285641.332451464,0,0,0,1,large
2709,2709,679934.1063911545,7036363.454263188,A0026,POINT (679934.1063911545 7036363.454263188),1.0,"0    1598.448528
dtype: float64",5.0,"0    1418.935247
dtype: float64",156332.18,0.012619548963638615,5252.887256114574,21011.549024458294,1917303.8484818193,0,0,0,1,large
2010,2010,647304.854000002,6872434.219,A0015,POINT (647304.854000002 6872434.219),1.0,"0    0.0
dtype: float64",5.0,"0    0.0
dtype: float64",118449.4,0.00956155030278229,4245.328334435337,16981.313337741347,1549544.8420688978,0,0,0,1,large
2215,2215,658020.8504458541,7102678.933514432,A0016,POINT (658020.8504458541 7102678.933514432),1.0,"0    2408.219509
dtype: float64",5.0,"0    1622.653026
dtype: float64",42708.41,0.0034475363367551908,1435.0370001743481,5740.1480006973925,523788.50506363704,0,0,0,1,large
1161,1161,942469.3567678339,6262641.924232803,A0008,POINT (942469.3567678339 6262641.924232803),1.0,"0    43017.730882
dtype: float64",5.0,"0    24735.607589
dtype: float64",159447.95,0.01287106219702688,6122.948159442787,24491.79263777115,2234876.0781966173,0,0,0,1,large
1763,1763,471965.26803596265,6763532.498721685,A0011,POINT (471965.26803596265 6763532.498721685),1.0,"0    14791.034396
dtype: float64",5.0,"0    11632.848411
dtype: float64",123877.44,0.009999716114559425,3917.535842527398,15670.143370109592,1429900.5825225003,0,0,0,1,large
2326,2326,595957.625545601,6630742.5293324245,A0020,POINT (595957.625545601 6630742.5293324245),1.0,"0    6809.526747
dtype: float64",5.0,"0    3930.4751
dtype: float64",265363.5,0.021420846823811422,6202.732167242785,24810.92866897114,2263997.2410436166,0,0,0,1,large
2032,2032,638001.098217033,6879398.613767712,A0015,POINT (638001.098217033 6879398.613767712),1.0,"0    1100.626099
dtype: float64",5.0,"0    0.0
dtype: float64",118449.4,0.00956155030278229,4245.328334435337,16981.313337741347,1549544.8420688978,0,0,0,1,large
371,371,787358.1518175912,6895837.462094858,A0004,POINT (787358.1518175912 6895837.462094858),1.0,"0    8829.297317
dtype: float64",5.0,"0    8829.297317
dtype: float64",489209.44,0.03949028588710416,6262.03104781223,25048.12419124892,2285641.332451464,0,0,0,1,large
947,947,843170.649999999,6487932.34,A0007,POINT (843170.649999999 6487932.34),1.0,"0    8262.723576
dtype: float64",5.0,"0    1041.999734
dtype: float64",321874.2,0.025982540683767145,5967.024860478938,23868.09944191575,2177964.0740748122,0,0,0,1,large
1262,1262,824112.6618150852,6312809.777305985,A0009,POINT (824112.6618150852 6312809.777305985),1.0,"0    19529.876942
dtype: float64",5.0,"0    11889.462772
dtype: float64",290811.36,0.023475065701139306,7817.19687847939,31268.78751391756,2853276.860644977,0,0,0,1,large
1331,1331,713769.5112257615,6240207.602677525,A0009,POINT (713769.5112257615 6240207.602677525),1.0,"0    15972.989308
dtype: float64",5.0,"0    6830.503688
dtype: float64",290811.36,0.023475065701139306,7817.19687847939,31268.78751391756,2853276.860644977,0,0,0,1,large
2434,2434,580937.3914688332,6451029.936567067,A0020,POINT (580937.3914688332 6451029.936567067),1.0,"0    401.922836
dtype: float64",5.0,"0    401.922836
dtype: float64",265363.5,0.021420846823811422,6202.732167242785,24810.92866897114,2263997.2410436166,0,0,0,1,large
940,940,843827.4284441301,6509930.819567507,A0007,POINT (843827.4284441301 6509930.819567507),1.0,"0    15.007207
dtype: float64",5.0,"0    0.0
dtype: float64",321874.2,0.025982540683767145,5967.024860478938,23868.09944191575,2177964.0740748122,0,0,0,1,large
1657,1657,425727.1019508214,6461065.554453981,A0010,POINT (425727.1019508214 6461065.554453981),1.0,"0    29366.958952
dtype: float64",5.0,"0    20143.637053
dtype: float64",381900.72,0.03082804087609372,4368.398983718812,17473.595934875248,1594465.6290573664,0,0,0,1,large
1541,1541,509273.2877688738,6634197.46348501,A0010,POINT (509273.2877688738 6634197.46348501),1.0,"0    20232.109323
dtype: float64",5.0,"0    6266.009189
dtype: float64",381900.72,0.03082804087609372,4368.398983718812,17473.595934875248,1594465.6290573664,0,0,0,1,large
166,166,694414.5107967859,7026218.916386834,A0001,POINT (694414.5107967859 7026218.916386834),1.0,"0    5794.558155
dtype: float64",5.0,"0    314.339891
dtype: float64",333120.37,0.02689036140863904,5267.347264162824,21069.389056651296,1922581.7514194308,0,0,0,1,large
140,140,688846.5198026603,6977547.251989727,A0001,POINT (688846.5198026603 6977547.251989727),1.0,"0    10593.48225
dtype: float64",5.0,"0    5726.267767
dtype: float64",333120.37,0.02689036140863904,5267.347264162824,21069.389056651296,1922581.7514194308,0,0,0,1,large
1656,1656,424996.6735561053,6462889.662801675,A0010,POINT (424996.6735561053 6462889.662801675),1.0,"0    30852.474863
dtype: float64",5.0,"0    21636.104096
dtype: float64",381900.72,0.03082804087609372,4368.398983718812,17473.595934875248,1594465.6290573664,0,0,0,1,large
1919,1919,570971.534989255,6900979.171907156,A0013,POINT (570971.534989255 6900979.171907156),1.0,"0    4519.954976
dtype: float64",5.0,"0    0.0
dtype: float64",199619.88,0.016113847128439357,6707.388867212882,26829.55546885153,2448196.936532702,0,0,0,1,large
548,548,677655.2776558294,6831949.643543319,A0005,POINT (677655.2776558294 6831949.643543319),1.0,"0    4881.125567
dtype: float64",5.0,"0    0.0
dtype: float64",52949.71,0.0042742412851625635,2372.2039132652226,9488.81565306089,865854.4283418063,0,0,0,1,large
1838,1838,361851.6044575068,6697474.099052424,A0011,POINT (361851.6044575068 6697474.099052424),1.0,"0    0.0
dtype: float64",5.0,"0    0.0
dtype: float64",123877.44,0.009999716114559425,3917.535842527398,15670.143370109592,1429900.5825225003,0,0,0,1,large
1511,1511,525652.5639241856,6691711.036394534,A0010,POINT (525652.5639241856 6691711.036394534),1.0,"0    2909.194386
dtype: float64",5.0,"0    0.0
dtype: float64",381900.72,0.03082804087609372,4368.398983718812,17473.595934875248,1594465.6290573664,0,0,0,1,large
2175,2175,613021.4384856777,7089839.861327231,A0016,POINT (613021.4384856777 7089839.861327231),1.0,"0    22291.501557
dtype: float64",5.0,"0    4839.549014
dtype: float64",42708.41,0.0034475363367551908,1435.0370001743481,5740.1480006973925,523788.50506363704,0,0,0,1,large
3071,3071,542382.2111706034,6953115.028232853,A0029,POINT (542382.2111706034 6953115.028232853),1.0,"0    23692.521352
dtype: float64",5.0,"0    19369.13488
dtype: float64",69686.13,0.005625249578311297,5352.023170221891,21408.092680887563,1953488.4571309902,0,0,0,1,large
304,304,680639.65240694,6858792.615240031,A0004,POINT (680639.65240694 6858792.615240031),1.0,"0    0.0
dtype: float64",5.0,"0    0.0
dtype: float64",489209.44,0.03949028588710416,6262.03104781223,25048.12419124892,2285641.332451464,0,0,0,1,large
624,624,795923.833876012,6787502.475648519,A0005,POINT (795923.833876012 6787502.475648519),1.0,"0    12577.002419
dtype: float64",5.0,"0    12577.002419
dtype: float64",52949.71,0.0042742412851625635,2372.2039132652226,9488.81565306089,865854.4283418063,0,0,0,1,large
1866,1866,644347.862999998,6861200.573,A0013,POINT (644347.862999998 6861200.573),1.0,"0    5718.847198
dtype: float64",5.0,"0    0.0
dtype: float64",199619.88,0.016113847128439357,6707.388867212882,26829.55546885153,2448196.936532702,0,0,0,1,large
1417,1417,619465.3511426441,6817260.209328491,A0010,POINT (619465.3511426441 6817260.209328491),1.0,"0    22754.215819
dtype: float64",5.0,"0    0.0
dtype: float64",381900.72,0.03082804087609372,4368.398983718812,17473.595934875248,1594465.6290573664,0,0,0,1,large
1855,1855,630050.6303511956,6856236.6677247835,A0012,POINT (630050.6303511956 6856236.6677247835),1.0,"0    4970.611547
dtype: float64",5.0,"0    3355.439362
dtype: float64",49711.95,0.004012880694831702,6681.446356894783,26725.785427579132,2438727.9202665957,0,0,0,1,large
1799,1799,432579.38098459464,6716786.85083791,A0011,POINT (432579.38098459464 6716786.85083791),1.0,"0    1363.670562
dtype: float64",5.0,"0    0.0
dtype: float64",123877.44,0.009999716114559425,3917.535842527398,15670.143370109592,1429900.5825225003,0,0,0,1,large
1622,1622,414634.9691810139,6523835.932286568,A0010,POINT (414634.9691810139 6523835.932286568),1.0,"0    27570.634612
dtype: float64",5.0,"0    4182.037813
dtype: float64",381900.72,0.03082804087609372,4368.398983718812,17473.595934875248,1594465.6290573664,0,0,0,1,large
1296,1296,773284.553217228,6277055.093421456,A0009,POINT (773284.553217228 6277055.093421456),1.0,"0    5656.726247
dtype: float64",5.0,"0    0.0
dtype: float64",290811.36,0.023475065701139306,7817.19687847939,31268.78751391756,2853276.860644977,0,0,0,1,large
860,860,840810.9101415084,6623514.130306414,A0006,POINT (840810.9101415084 6623514.130306414),1.0,"0    4216.482775
dtype: float64",5.0,"0    2905.521633
dtype: float64",356928.98,0.028812255670275868,11993.10142275233,47972.40569100932,4377482.019304601,0,0,0,1,large
154,154,690839.9594713938,7004168.658533177,A0001,POINT (690839.9594713938 7004168.658533177),1.0,"0    14289.869539
dtype: float64",5.0,"0    13431.240137
dtype: float64",333120.37,0.02689036140863904,5267.347264162824,21069.389056651296,1922581.7514194308,0,0,0,1,large
1824,1824,385037.4090412779,6708852.315760097,A0011,POINT (385037.4090412779 6708852.315760097),1.0,"0    1140.811205
dtype: float64",5.0,"0    1140.811205
dtype: float64",123877.44,0.009999716114559425,3917.535842527398,15670.143370109592,1429900.5825225003,0,0,0,1,large
2988,2988,499402.48452592205,6852884.014457965,A0028,POINT (499402.48452592205 6852884.014457965),1.0,"0    20604.30425
dtype: float64",5.0,"0    20604.30425
dtype: float64",73035.72,0.005895637383388373,3569.540452124233,14278.161808496932,1302882.2650253451,0,0,0,1,large
459,459,936914.8005547064,6902228.1607501665,A0004,POINT (936914.8005547064 6902228.1607501665),1.0,"0    5342.529483
dtype: float64",5.0,"0    0.0
dtype: float64",489209.44,0.03949028588710416,6262.03104781223,25048.12419124892,2285641.332451464,0,0,0,1,large
2745,2745,710878.1506211086,7003026.078450022,A0026,POINT (710878.1506211086 7003026.078450022),1.0,"0    8646.756707
dtype: float64",5.0,"0    7003.94971
dtype: float64",156332.18,0.012619548963638615,5252.887256114574,21011.549024458294,1917303.8484818193,0,0,0,1,large
114,114,678149.7100434129,6927975.508353477,A0001,POINT (678149.7100434129 6927975.508353477),1.0,"0    7425.310968
dtype: float64",5.0,"0    724.858636
dtype: float64",333120.37,0.02689036140863904,5267.347264162824,21069.389056651296,1922581.7514194308,0,0,0,1,large
940,940,843827.4284441301,6509930.819567507,A0007,POINT (843827.4284441301 6509930.819567507),1.0,"0    15.007207
dtype: float64",5.0,"0    0.0
dtype: float64",321874.2,0.025982540683767145,5967.024860478938,23868.09944191575,2177964.0740748122,0,0,0,1,large
2906,2906,519282.571000002,6720027.83,A0028,POINT (519282.571000002 6720027.83),1.0,"0    14793.847841
dtype: float64",5.0,"0    12114.433568
dtype: float64",73035.72,0.005895637383388373,3569.540452124233,14278.161808496932,1302882.2650253451,0,0,0,1,large
184,184,707043.3759730853,7055010.604465973,A0001,POINT (707043.3759730853 7055010.604465973),1.0,"0    0.0
dtype: float64",5.0,"0    0.0
dtype: float64",333120.37,0.02689036140863904,5267.347264162824,21069.389056651296,1922581.7514194308,0,0,0,1,large
1990,1990,643298.0039697275,6866452.403569332,A0014,POINT (643298.0039697275 6866452.403569332),1.0,"0    1874.402177
dtype: float64",5.0,"0    0.0
dtype: float64",6620.95,0.0005344606766873147,1186.5027022458387,4746.010808983355,433073.4863197311,0,0,0,1,large
2066,2066,632638.7524384947,6909962.529278137,A0016,POINT (632638.7524384947 6909962.529278137),1.0,"0    7426.351539
dtype: float64",5.0,"0    2362.597795
dtype: float64",42708.41,0.0034475363367551908,1435.0370001743481,5740.1480006973925,523788.50506363704,0,0,0,1,large
1578,1578,456327.2301091745,6593343.078219464,A0010,POINT (456327.2301091745 6593343.078219464),1.0,"0    20532.065038
dtype: float64",5.0,"0    11582.073536
dtype: float64",381900.72,0.03082804087609372,4368.398983718812,17473.595934875248,1594465.6290573664,0,0,0,1,large
145,145,690872.4552763439,6987975.976669391,A0001,POINT (690872.4552763439 6987975.976669391),1.0,"0    21188.580464
dtype: float64",5.0,"0    9366.997906
dtype: float64",333120.37,0.02689036140863904,5267.347264162824,21069.389056651296,1922581.7514194308,0,0,0,1,large
480,480,973213.3410438735,6899472.9654416405,A0004,POINT (973213.3410438735 6899472.9654416405),1.0,"0    3380.400373
dtype: float64",5.0,"0    2044.92294
dtype: float64",489209.44,0.03949028588710416,6262.03104781223,25048.12419124892,2285641.332451464,0,0,0,1,large
1062,1062,870644.7331832922,6284790.404248995,A0007,POINT (870644.7331832922 6284790.404248995),1.0,"0    3691.915644
dtype: float64",5.0,"0    1882.093866
dtype: float64",321874.2,0.025982540683767145,5967.024860478938,23868.09944191575,2177964.0740748122,0,0,0,1,large
2611,2611,725035.4692425627,7038517.650236038,A0023,POINT (725035.4692425627 7038517.650236038),1.0,"0    734.081556
dtype: float64",5.0,"0    116.35956
dtype: float64",0.0,0.0,0.0,0.0,0.0,1,0,0,0,not profitable
766,766,745978.8607945828,6749023.861073676,A0006,POINT (745978.8607945828 6749023.861073676),1.0,"0    2534.070211
dtype: float64",5.0,"0    2467.984288
dtype: float64",356928.98,0.028812255670275868,11993.10142275233,47972.40569100932,4377482.019304601,0,0,0,1,large
1197,1197,1002687.5064360219,6271010.899478094,A0008,POINT (1002687.5064360219 6271010.899478094),1.0,"0    49621.314338
dtype: float64",5.0,"0    116.49651
dtype: float64",159447.95,0.01287106219702688,6122.948159442787,24491.79263777115,2234876.0781966173,0,0,0,1,large
2015,2015,646199.4996505985,6873947.805543219,A0015,POINT (646199.4996505985 6873947.805543219),1.0,"0    577.316283
dtype: float64",5.0,"0    0.0
dtype: float64",118449.4,0.00956155030278229,4245.328334435337,16981.313337741347,1549544.8420688978,0,0,0,1,large
69,69,657628.9355564846,6871244.501114007,A0001,POINT (657628.9355564846 6871244.501114007),1.0,"0    0.0
dtype: float64",5.0,"0    0.0
dtype: float64",333120.37,0.02689036140863904,5267.347264162824,21069.389056651296,1922581.7514194308,0,0,0,1,large
469,469,950629.8106092438,6899004.66265396,A0004,POINT (950629.8106092438 6899004.66265396),1.0,"0    16129.614438
dtype: float64",5.0,"0    10090.228287
dtype: float64",489209.44,0.03949028588710416,6262.03104781223,25048.12419124892,2285641.332451464,0,0,0,1,large
1859,1859,645219.4506637927,6861209.653190985,A0013,POINT (645219.4506637927 6861209.653190985),1.0,"0    5308.365342
dtype: float64",5.0,"0    0.0
dtype: float64",199619.88,0.016113847128439357,6707.388867212882,26829.55546885153,2448196.936532702,0,0,0,1,large
1701,1701,581872.4331336828,6805687.377365976,A0011,POINT (581872.4331336828 6805687.377365976),1.0,"0    10098.538225
dtype: float64",5.0,"0    6791.368564
dtype: float64",123877.44,0.009999716114559425,3917.535842527398,15670.143370109592,1429900.5825225003,0,0,0,1,large
1114,1114,844793.890000001,6495073.158,A0007N,POINT (844793.890000001 6495073.158),1.0,"0    2641.449922
dtype: float64",5.0,"0    507.94949
dtype: float64",88524.21,0.007145909451031944,3660.904380297904,14643.617521191616,1336230.098808735,0,0,0,1,large
1286,1286,788407.9109963042,6289259.687126524,A0009,POINT (788407.9109963042 6289259.687126524),1.0,"0    7434.194507
dtype: float64",5.0,"0    1720.182925
dtype: float64",290811.36,0.023475065701139306,7817.19687847939,31268.78751391756,2853276.860644977,0,0,0,1,large
272,272,659390.8648774658,6857551.668039023,A0004,POINT (659390.8648774658 6857551.668039023),1.0,"0    651.173217
dtype: float64",5.0,"0    0.0
dtype: float64",489209.44,0.03949028588710416,6262.03104781223,25048.12419124892,2285641.332451464,0,0,0,1,large
2925,2925,499548.22198059026,6740635.059790843,A0028,POINT (499548.22198059026 6740635.059790843),1.0,"0    23524.269151
dtype: float64",5.0,"0    22554.475334
dtype: float64",73035.72,0.005895637383388373,3569.540452124233,14278.161808496932,1302882.2650253451,0,0,0,1,large
950,950,842917.742858674,6481904.824831657,A0007,POINT (842917.742858674 6481904.824831657),1.0,"0    14262.775436
dtype: float64",5.0,"0    3660.655006
dtype: float64",321874.2,0.025982540683767145,5967.024860478938,23868.09944191575,2177964.0740748122,0,0,0,1,large
1323,1323,727650.7473246297,6251032.057888852,A0009,POINT (727650.7473246297 6251032.057888852),1.0,"0    29365.171061
dtype: float64",5.0,"0    4698.680272
dtype: float64",290811.36,0.023475065701139306,7817.19687847939,31268.78751391756,2853276.860644977,0,0,0,1,large
974,974,847665.3363470851,6438420.843180598,A0007,POINT (847665.3363470851 6438420.843180598),1.0,"0    4101.195209
dtype: float64",5.0,"0    0.0
dtype: float64",321874.2,0.025982540683767145,5967.024860478938,23868.09944191575,2177964.0740748122,0,0,0,1,large
2383,2383,567019.1812953814,6530436.489223466,A0020,POINT (567019.1812953814 6530436.489223466),1.0,"0    2019.374866
dtype: float64",5.0,"0    496.941263
dtype: float64",265363.5,0.021420846823811422,6202.732167242785,24810.92866897114,2263997.2410436166,0,0,0,1,large
1019,1019,837231.3164531324,6352892.074041825,A0007,POINT (837231.3164531324 6352892.074041825),1.0,"0    8831.929785
dtype: float64",5.0,"0    4052.180118
dtype: float64",321874.2,0.025982540683767145,5967.024860478938,23868.09944191575,2177964.0740748122,0,0,0,1,large
778,778,760433.6013603541,6733809.966818013,A0006,POINT (760433.6013603541 6733809.966818013),1.0,"0    20296.170803
dtype: float64",5.0,"0    17826.564719
dtype: float64",356928.98,0.028812255670275868,11993.10142275233,47972.40569100932,4377482.019304601,0,0,0,1,large
220,220,716141.5255688266,7012075.907091557,A0002,POINT (716141.5255688266 7012075.907091557),1.0,"0    1032.974198
dtype: float64",5.0,"0    1012.107055
dtype: float64",41867.89,0.003379687328989051,7502.905870355693,30011.623481422772,2738560.6426798278,0,0,0,1,large
2846,2846,785560.6865275343,6817335.854195435,A0026,POINT (785560.6865275343 6817335.854195435),1.0,"0    15643.726135
dtype: float64",5.0,"0    14246.359236
dtype: float64",156332.18,0.012619548963638615,5252.887256114574,21011.549024458294,1917303.8484818193,0,0,0,1,large
2806,2806,771772.3075096876,6913693.263128782,A0026,POINT (771772.3075096876 6913693.263128782),1.0,"0    4642.13653
dtype: float64",5.0,"0    2537.470055
dtype: float64",156332.18,0.012619548963638615,5252.887256114574,21011.549024458294,1917303.8484818193,0,0,0,1,large
1462,1462,593879.8458524756,6742598.448101112,A0010,POINT (593879.8458524756 6742598.448101112),1.0,"0    7385.984325
dtype: float64",5.0,"0    7385.984325
dtype: float64",381900.72,0.03082804087609372,4368.398983718812,17473.595934875248,1594465.6290573664,0,0,0,1,large
1294,1294,776410.4525426253,6279337.121087821,A0009,POINT (776410.4525426253 6279337.121087821),1.0,"0    5061.001704
dtype: float64",5.0,"0    0.0
dtype: float64",290811.36,0.023475065701139306,7817.19687847939,31268.78751391756,2853276.860644977,0,0,0,1,large
138,138,688115.3382368718,6974115.450322048,A0001,POINT (688115.3382368718 6974115.450322048),1.0,"0    7103.920811
dtype: float64",5.0,"0    6996.983479
dtype: float64",333120.37,0.02689036140863904,5267.347264162824,21069.389056651296,1922581.7514194308,0,0,0,1,large
61,61,654443.5179221067,6870549.906443723,A0001,POINT (654443.5179221067 6870549.906443723),1.0,"0    0.0
dtype: float64",5.0,"0    0.0
dtype: float64",333120.37,0.02689036140863904,5267.347264162824,21069.389056651296,1922581.7514194308,0,0,0,1,large
1398,1398,636939.5022298988,6837257.410210346,A0010,POINT (636939.5022298988 6837257.410210346),1.0,"0    5432.16063
dtype: float64",5.0,"0    0.0
dtype: float64",381900.72,0.03082804087609372,4368.398983718812,17473.595934875248,1594465.6290573664,0,0,0,1,large
1269,1269,813575.815932718,6305435.706578415,A0009,POINT (813575.815932718 6305435.706578415),1.0,"0    6692.227325
dtype: float64",5.0,"0    0.0
dtype: float64",290811.36,0.023475065701139306,7817.19687847939,31268.78751391756,2853276.860644977,0,0,0,1,large
7,7,846831.302500002,6522372.1603,69D0383,POINT (846831.302500002 6522372.1603),1.0,"0    1692.200765
dtype: float64",5.0,"0    0.0
dtype: float64",0.0,0.0,0.0,0.0,0.0,1,0,0,0,not profitable
1747,1747,496484.897478656,6775776.172020221,A0011,POINT (496484.897478656 6775776.172020221),1.0,"0    6466.907482
dtype: float64",5.0,"0    6466.907482
dtype: float64",123877.44,0.009999716114559425,3917.535842527398,15670.143370109592,1429900.5825225003,0,0,0,1,large
1293,1293,777448.3584395202,6280964.077046236,A0009,POINT (777448.3584395202 6280964.077046236),1.0,"0    3400.597068
dtype: float64",5.0,"0    0.0
dtype: float64",290811.36,0.023475065701139306,7817.19687847939,31268.78751391756,2853276.860644977,0,0,0,1,large
2372,2372,571893.7998595844,6548454.220871034,A0020,POINT (571893.7998595844 6548454.220871034),1.0,"0    16170.468113
dtype: float64",5.0,"0    16170.468113
dtype: float64",265363.5,0.021420846823811422,6202.732167242785,24810.92866897114,2263997.2410436166,0,0,0,1,large
1492,1492,543455.148379321,6715350.134773569,A0010,POINT (543455.148379321 6715350.134773569),1.0,"0    13663.066475
dtype: float64",5.0,"0    13233.924793
dtype: float64",381900.72,0.03082804087609372,4368.398983718812,17473.595934875248,1594465.6290573664,0,0,0,1,large
2722,2722,698845.2935621691,7018837.513776536,A0026,POINT (698845.2935621691 7018837.513776536),1.0,"0    7945.786667
dtype: float64",5.0,"0    5666.303038
dtype: float64",156332.18,0.012619548963638615,5252.887256114574,21011.549024458294,1917303.8484818193,0,0,0,1,large
1534,1534,511585.5192851098,6648368.926235876,A0010,POINT (511585.5192851098 6648368.926235876),1.0,"0    33867.976945
dtype: float64",5.0,"0    4082.563788
dtype: float64",381900.72,0.03082804087609372,4368.398983718812,17473.595934875248,1594465.6290573664,0,0,0,1,large
1115,1115,845129.9777334941,6492880.607922532,A0007N,POINT (845129.9777334941 6492880.607922532),1.0,"0    4274.588472
dtype: float64",5.0,"0    2252.839387
dtype: float64",88524.21,0.007145909451031944,3660.904380297904,14643.617521191616,1336230.098808735,0,0,0,1,large
851,851,839094.081989263,6640991.4368783515,A0006,POINT (839094.081989263 6640991.4368783515),1.0,"0    1992.342274
dtype: float64",5.0,"0    1992.342274
dtype: float64",356928.98,0.028812255670275868,11993.10142275233,47972.40569100932,4377482.019304601,0,0,0,1,large
2537,2537,694597.204179836,7037201.281665199,A0021,POINT (694597.204179836 7037201.281665199),1.0,"0    2795.693145
dtype: float64",5.0,"0    0.0
dtype: float64",0.0,0.0,0.0,0.0,0.0,1,0,0,0,not profitable
382,382,800926.0431495594,6882523.314294738,A0004,POINT (800926.0431495594 6882523.314294738),1.0,"0    3319.404989
dtype: float64",5.0,"0    2762.639099
dtype: float64",489209.44,0.03949028588710416,6262.03104781223,25048.12419124892,2285641.332451464,0,0,0,1,large
2642,2642,692600.5679894962,7062508.59122176,A0025,POINT (692600.5679894962 7062508.59122176),1.0,"0    284.2752
dtype: float64",5.0,"0    0.0
dtype: float64",0.0,0.0,0.0,0.0,0.0,1,0,0,0,not profitable
376,376,792119.2555764148,6887944.00022074,A0004,POINT (792119.2555764148 6887944.00022074),1.0,"0    6880.239675
dtype: float64",5.0,"0    6880.239675
dtype: float64",489209.44,0.03949028588710416,6262.03104781223,25048.12419124892,2285641.332451464,0,0,0,1,large
1833,1833,369318.3116597234,6702403.882195429,A0011,POINT (369318.3116597234 6702403.882195429),1.0,"0    7827.69365
dtype: float64",5.0,"0    7827.69365
dtype: float64",123877.44,0.009999716114559425,3917.535842527398,15670.143370109592,1429900.5825225003,0,0,0,1,large
1059,1059,869054.8106687617,6290318.672672645,A0007,POINT (869054.8106687617 6290318.672672645),1.0,"0    5799.307799
dtype: float64",5.0,"0    5799.307799
dtype: float64",321874.2,0.025982540683767145,5967.024860478938,23868.09944191575,2177964.0740748122,0,0,0,1,large
2695,2695,658308.4554329768,7051585.392588694,A0026,POINT (658308.4554329768 7051585.392588694),1.0,"0    16672.615337
dtype: float64",5.0,"0    3277.925646
dtype: float64",156332.18,0.012619548963638615,5252.887256114574,21011.549024458294,1917303.8484818193,0,0,0,1,large
1054,1054,865659.9650479094,6299885.7191439085,A0007,POINT (865659.9650479094 6299885.7191439085),1.0,"0    3500.084301
dtype: float64",5.0,"0    3500.084301
dtype: float64",321874.2,0.025982540683767145,5967.024860478938,23868.09944191575,2177964.0740748122,0,0,0,1,large
148,148,691699.491999999,6992566.803,A0001,POINT (691699.491999999 6992566.803),1.0,"0    25845.112825
dtype: float64",5.0,"0    13557.980276
dtype: float64",333120.37,0.02689036140863904,5267.347264162824,21069.389056651296,1922581.7514194308,0,0,0,1,large
2437,2437,583535.6223163388,6445593.318424831,A0020,POINT (583535.6223163388 6445593.318424831),1.0,"0    5961.18653
dtype: float64",5.0,"0    5961.18653
dtype: float64",265363.5,0.021420846823811422,6202.732167242785,24810.92866897114,2263997.2410436166,0,0,0,1,large
1112,1112,844044.5440037725,6495429.957958491,A0007N,POINT (844044.5440037725 6495429.957958491),1.0,"0    1811.769353
dtype: float64",5.0,"0    554.112122
dtype: float64",88524.21,0.007145909451031944,3660.904380297904,14643.617521191616,1336230.098808735,0,0,0,1,large
2130,2130,611777.2713609905,7007982.22546081,A0016,POINT (611777.2713609905 7007982.22546081),1.0,"0    27611.642373
dtype: float64",5.0,"0    8797.999384
dtype: float64",42708.41,0.0034475363367551908,1435.0370001743481,5740.1480006973925,523788.50506363704,0,0,0,1,large
2168,2168,606336.3359468703,7077459.040060618,A0016,POINT (606336.3359468703 7077459.040060618),1.0,"0    8231.008488
dtype: float64",5.0,"0    3225.906465
dtype: float64",42708.41,0.0034475363367551908,1435.0370001743481,5740.1480006973925,523788.50506363704,0,0,0,1,large
2503,2503,575596.3901628964,6334682.924024739,A0020,POINT (575596.3901628964 6334682.924024739),1.0,"0    12892.936723
dtype: float64",5.0,"0    9234.632216
dtype: float64",265363.5,0.021420846823811422,6202.732167242785,24810.92866897114,2263997.2410436166,0,0,0,1,large
435,435,901593.7100547713,6900747.766972287,A0004,POINT (901593.7100547713 6900747.766972287),1.0,"0    28250.913097
dtype: float64",5.0,"0    15174.27012
dtype: float64",489209.44,0.03949028588710416,6262.03104781223,25048.12419124892,2285641.332451464,0,0,0,1,large
1952,1952,523989.24826600787,6923246.279617518,A0013,POINT (523989.24826600787 6923246.279617518),1.0,"0    10050.450913
dtype: float64",5.0,"0    5017.55644
dtype: float64",199619.88,0.016113847128439357,6707.388867212882,26829.55546885153,2448196.936532702,0,0,0,1,large
183,183,706802.6794718392,7054613.215218697,A0001,POINT (706802.6794718392 7054613.215218697),1.0,"0    0.0
dtype: float64",5.0,"0    0.0
dtype: float64",333120.37,0.02689036140863904,5267.347264162824,21069.389056651296,1922581.7514194308,0,0,0,1,large
1296,1296,773284.553217228,6277055.093421456,A0009,POINT (773284.553217228 6277055.093421456),1.0,"0    5656.726247
dtype: float64",5.0,"0    0.0
dtype: float64",290811.36,0.023475065701139306,7817.19687847939,31268.78751391756,2853276.860644977,0,0,0,1,large
2926,2926,498871.71443133114,6742477.653938501,A0028,POINT (498871.71443133114 6742477.653938501),1.0,"0    21563.47006
dtype: float64",5.0,"0    20621.304185
dtype: float64",73035.72,0.005895637383388373,3569.540452124233,14278.161808496932,1302882.2650253451,0,0,0,1,large
59,59,653948.6711161252,6870393.114869665,A0001,POINT (653948.6711161252 6870393.114869665),1.0,"0    0.0
dtype: float64",5.0,"0    0.0
dtype: float64",333120.37,0.02689036140863904,5267.347264162824,21069.389056651296,1922581.7514194308,0,0,0,1,large
297,297,672042.481807765,6858927.21747697,A0004,POINT (672042.481807765 6858927.21747697),1.0,"0    531.106658
dtype: float64",5.0,"0    0.0
dtype: float64",489209.44,0.03949028588710416,6262.03104781223,25048.12419124892,2285641.332451464,0,0,0,1,large
1051,1051,862268.138235841,6305442.781745392,A0007,POINT (862268.138235841 6305442.781745392),1.0,"0    578.165245
dtype: float64",5.0,"0    0.0
dtype: float64",321874.2,0.025982540683767145,5967.024860478938,23868.09944191575,2177964.0740748122,0,0,0,1,large
68,68,656820.8473,6870967.7489,A0001,POINT (656820.8473 6870967.7489),1.0,"0    0.0
dtype: float64",5.0,"0    0.0
dtype: float64",333120.37,0.02689036140863904,5267.347264162824,21069.389056651296,1922581.7514194308,0,0,0,1,large
2680,2680,638420.067212359,7072565.665925883,A0026,POINT (638420.067212359 7072565.665925883),1.0,"0    10263.833986
dtype: float64",5.0,"0    6696.768772
dtype: float64",156332.18,0.012619548963638615,5252.887256114574,21011.549024458294,1917303.8484818193,0,0,0,1,large
1832,1832,371008.3584807024,6703273.077622143,A0011,POINT (371008.3584807024 6703273.077622143),1.0,"0    9662.750973
dtype: float64",5.0,"0    9345.538726
dtype: float64",123877.44,0.009999716114559425,3917.535842527398,15670.143370109592,1429900.5825225003,0,0,0,1,large
1860,1860,645009.3734206214,6861229.060292776,A0013,POINT (645009.3734206214 6861229.060292776),1.0,"0    5378.921286
dtype: float64",5.0,"0    0.0
dtype: float64",199619.88,0.016113847128439357,6707.388867212882,26829.55546885153,2448196.936532702,0,0,0,1,large
1177,1177,972107.8355145128,6261313.5400505345,A0008,POINT (972107.8355145128 6261313.5400505345),1.0,"0    71177.490202
dtype: float64",5.0,"0    11939.812485
dtype: float64",159447.95,0.01287106219702688,6122.948159442787,24491.79263777115,2234876.0781966173,0,0,0,1,large
15,15,846014.6812017106,6523245.923494215,69D0383BPNL,POINT (846014.6812017106 6523245.923494215),1.0,"0    1979.770949
dtype: float64",5.0,"0    0.0
dtype: float64",0.0,0.0,0.0,0.0,0.0,1,0,0,0,not profitable
1106,1106,840302.409000002,6500067.279,A0007N,POINT (840302.409000002 6500067.279),1.0,"0    957.030007
dtype: float64",5.0,"0    0.0
dtype: float64",88524.21,0.007145909451031944,3660.904380297904,14643.617521191616,1336230.098808735,0,0,0,1,large
56,56,653192.9519078049,6870100.698977393,A0001,POINT (653192.9519078049 6870100.698977393),1.0,"0    0.0
dtype: float64",5.0,"0    0.0
dtype: float64",333120.37,0.02689036140863904,5267.347264162824,21069.389056651296,1922581.7514194308,0,0,0,1,large
1443,1443,613572.6222383069,6771787.9205301525,A0010,POINT (613572.6222383069 6771787.9205301525),1.0,"0    7110.108533
dtype: float64",5.0,"0    4783.580353
dtype: float64",381900.72,0.03082804087609372,4368.398983718812,17473.595934875248,1594465.6290573664,0,0,0,1,large
1186,1186,985799.128628853,6268277.458800598,A0008,POINT (985799.128628853 6268277.458800598),1.0,"0    64413.47823
dtype: float64",5.0,"0    1546.442809
dtype: float64",159447.95,0.01287106219702688,6122.948159442787,24491.79263777115,2234876.0781966173,0,0,0,1,large
393,393,821988.2955167402,6884545.297502392,A0004,POINT (821988.2955167402 6884545.297502392),1.0,"0    24397.772582
dtype: float64",5.0,"0    22638.574389
dtype: float64",489209.44,0.03949028588710416,6262.03104781223,25048.12419124892,2285641.332451464,0,0,0,1,large
55,55,652897.3086632406,6869876.259198065,A0001,POINT (652897.3086632406 6869876.259198065),1.0,"0    0.0
dtype: float64",5.0,"0    0.0
dtype: float64",333120.37,0.02689036140863904,5267.347264162824,21069.389056651296,1922581.7514194308,0,0,0,1,large
2020,2020,644977.2416820208,6874915.274790239,A0015,POINT (644977.2416820208 6874915.274790239),1.0,"0    1473.299364
dtype: float64",5.0,"0    0.0
dtype: float64",118449.4,0.00956155030278229,4245.328334435337,16981.313337741347,1549544.8420688978,0,0,0,1,large
324,324,710998.7639863992,6879163.548021011,A0004,POINT (710998.7639863992 6879163.548021011),1.0,"0    17553.081891
dtype: float64",5.0,"0    15345.743698
dtype: float64",489209.44,0.03949028588710416,6262.03104781223,25048.12419124892,2285641.332451464,0,0,0,1,large
619,619,787625.2334468543,6792747.937938826,A0005,POINT (787625.2334468543 6792747.937938826),1.0,"0    3452.79481
dtype: float64",5.0,"0    3452.79481
dtype: float64",52949.71,0.0042742412851625635,2372.2039132652226,9488.81565306089,865854.4283418063,0,0,0,1,large
2653,2653,674308.8841178808,7074733.862841088,A0025,POINT (674308.8841178808 7074733.862841088),1.0,"0    8027.45077
dtype: float64",5.0,"0    2149.764492
dtype: float64",0.0,0.0,0.0,0.0,0.0,1,0,0,0,not profitable
1116,1116,843664.1414956561,6491196.130590545,A0007N,POINT (843664.1414956561 6491196.130590545),1.0,"0    5123.681035
dtype: float64",5.0,"0    4141.973678
dtype: float64",88524.21,0.007145909451031944,3660.904380297904,14643.617521191616,1336230.098808735,0,0,0,1,large
1420,1420,618329.3682532331,6812895.475018841,A0010,POINT (618329.3682532331 6812895.475018841),1.0,"0    25354.864661
dtype: float64",5.0,"0    1467.508968
dtype: float64",381900.72,0.03082804087609372,4368.398983718812,17473.595934875248,1594465.6290573664,0,0,0,1,large
936,936,843046.6850677712,6512444.262657389,A0007,POINT (843046.6850677712 6512444.262657389),1.0,"0    0.0
dtype: float64",5.0,"0    0.0
dtype: float64",321874.2,0.025982540683767145,5967.024860478938,23868.09944191575,2177964.0740748122,0,0,0,1,large
67,67,656773.0313082052,6870951.137349876,A0001,POINT (656773.0313082052 6870951.137349876),1.0,"0    0.0
dtype: float64",5.0,"0    0.0
dtype: float64",333120.37,0.02689036140863904,5267.347264162824,21069.389056651296,1922581.7514194308,0,0,0,1,large
1603,1603,426944.6874786813,6558135.638664585,A0010,POINT (426944.6874786813 6558135.638664585),1.0,"0    25746.607653
dtype: float64",5.0,"0    22113.092679
dtype: float64",381900.72,0.03082804087609372,4368.398983718812,17473.595934875248,1594465.6290573664,0,0,0,1,large
1646,1646,419618.6958701514,6478794.370526037,A0010,POINT (419618.6958701514 6478794.370526037),1.0,"0    42237.931056
dtype: float64",5.0,"0    35293.038362
dtype: float64",381900.72,0.03082804087609372,4368.398983718812,17473.595934875248,1594465.6290573664,0,0,0,1,large
1856,1856,629653.0480836735,6855540.141744355,A0012,POINT (629653.0480836735 6855540.141744355),1.0,"0    4530.802968
dtype: float64",5.0,"0    2561.957806
dtype: float64",49711.95,0.004012880694831702,6681.446356894783,26725.785427579132,2438727.9202665957,0,0,0,1,large
307,307,686387.1547420003,6859743.054925047,A0004,POINT (686387.1547420003 6859743.054925047),1.0,"0    3675.162276
dtype: float64",5.0,"0    1706.531106
dtype: float64",489209.44,0.03949028588710416,6262.03104781223,25048.12419124892,2285641.332451464,0,0,0,1,large
447,447,921160.1924090427,6902146.357564167,A0004,POINT (921160.1924090427 6902146.357564167),1.0,"0    8648.172639
dtype: float64",5.0,"0    2677.507975
dtype: float64",489209.44,0.03949028588710416,6262.03104781223,25048.12419124892,2285641.332451464,0,0,0,1,large
2766,2766,719589.6324731515,6968893.611366822,A0026,POINT (719589.6324731515 6968893.611366822),1.0,"0    904.673713
dtype: float64",5.0,"0    0.0
dtype: float64",156332.18,0.012619548963638615,5252.887256114574,21011.549024458294,1917303.8484818193,0,0,0,1,large
1158,1158,936851.3979825305,6264065.31198349,A0008,POINT (936851.3979825305 6264065.31198349),1.0,"0    38443.730758
dtype: float64",5.0,"0    24824.724983
dtype: float64",159447.95,0.01287106219702688,6122.948159442787,24491.79263777115,2234876.0781966173,0,0,0,1,large
